city,county,state,country,lat,long,population,type,value,url,2020-1-22,2020-1-23,2020-1-24,2020-1-25,2020-1-26,2020-1-27,2020-1-28,2020-1-29,2020-1-30,2020-1-31,2020-2-1,2020-2-2,2020-2-3,2020-2-4,2020-2-5,2020-2-6,2020-2-7,2020-2-8,2020-2-9,2020-2-10,2020-2-11,2020-2-12,2020-2-13,2020-2-14,2020-2-15,2020-2-16,2020-2-17,2020-2-18,2020-2-19,2020-2-20,2020-2-21,2020-2-22,2020-2-23,2020-2-24,2020-2-25,2020-2-26,2020-2-27,2020-2-28,2020-2-29,2020-3-1,2020-3-2,2020-3-3,2020-3-4,2020-3-5,2020-3-6,2020-3-7,2020-3-8,2020-3-9,2020-3-10,2020-3-11,2020-3-12,2020-3-13,2020-3-14,2020-3-15,2020-3-16,2020-3-17,2020-3-18
,,Abruzzo,ITA,,,1311580,,,https://raw.githubusercontent.com/pcm-dpc/COVID-19/master/dati-regioni/dpc-covid19-ita-regioni.csv,,,,,,,,,,,,,,,,,,,,,,,,,,,,,,,,,,0,0,0,1,1,2,5,5,6,7,8,9,11,17,30,38,38,84,89,112,137,176,229,263
,,Basilicata,ITA,,,562869,,,https://raw.githubusercontent.com/pcm-dpc/COVID-19/master/dati-regioni/dpc-covid19-ita-regioni.csv,,,,,,,,,,,,,,,,,,,,,,,,,,,,,,,,,,0,0,0,0,0,0,0,0,1,1,1,3,3,4,5,7,8,8,10,10,11,12,20,27
,,P.A. Bolzano,ITA,,,,,,https://raw.githubusercontent.com/pcm-dpc/COVID-19/master/dati-regioni/dpc-covid19-ita-regioni.csv,,,,,,,,,,,,,,,,,,,,,,,,,,,,,,,,,,0,1,1,1,1,1,1,1,1,1,1,4,9,9,9,38,75,104,125,173,204,241,291,376
,,Calabria,ITA,,,1947131,,,https://raw.githubusercontent.com/pcm-dpc/COVID-19/master/dati-regioni/dpc-covid19-ita-regioni.csv,,,,,,,,,,,,,,,,,,,,,,,,,,,,,,,,,,0,0,0,0,1,1,1,1,1,1,2,4,4,9,11,13,19,33,38,60,68,89,114,129
,,Campania,ITA,,,5801692,,,https://raw.githubusercontent.com/pcm-dpc/COVID-19/master/dati-regioni/dpc-covid19-ita-regioni.csv,,,,,,,,,,,,,,,,,,,,,,,,,,,,,,,,,,0,0,0,3,4,13,17,17,30,31,45,57,61,101,120,127,154,179,220,272,333,400,460,460
,,Emilia Romagna,ITA,,,4459477,,,https://raw.githubusercontent.com/pcm-dpc/COVID-19/master/dati-regioni/dpc-covid19-ita-regioni.csv,,,,,,,,,,,,,,,,,,,,,,,,,,,,,,,,,,18,26,47,97,145,217,285,335,420,544,698,870,1010,1180,1386,1533,1739,1947,2263,2644,3093,3522,3931,4525
,,Friuli Venezia Giulia,ITA,,,1215220,,,https://raw.githubusercontent.com/pcm-dpc/COVID-19/master/dati-regioni/dpc-covid19-ita-regioni.csv,,,,,,,,,,,,,,,,,,,,,,,,,,,,,,,,,,0,0,0,0,0,0,6,9,13,18,21,31,42,57,93,116,126,167,257,301,347,386,394,462
,,Lazio,ITA,,,5879082,,,https://raw.githubusercontent.com/pcm-dpc/COVID-19/master/dati-regioni/dpc-covid19-ita-regioni.csv,,,,,,,,,,,,,,,,,,,,,,,,,,,,,,,,,,3,3,3,3,3,6,6,7,14,30,44,54,76,87,102,116,150,200,277,357,436,523,607,724
,,Liguria,ITA,44.448917926372275,9.063233530652923,1550640,,,https://raw.githubusercontent.com/pcm-dpc/COVID-19/master/dati-regioni/dpc-covid19-ita-regioni.csv,,,,,,,,,,,,,,,,,,,,,,,,,,,,,,,,,,0,1,11,19,19,42,25,22,24,26,28,32,51,78,109,141,194,274,345,463,559,667,778,887
,,Lombardia,ITA,,,10060574,,,https://raw.githubusercontent.com/pcm-dpc/COVID-19/master/dati-regioni/dpc-covid19-ita-regioni.csv,,,,,,,,,,,,,,,,,,,,,,,,,,,,,,,,,,172,240,258,403,531,615,984,1254,1520,1820,2251,2612,3420,4189,5469,5791,7280,8725,9820,11685,13272,14649,16220,17713
,,Marche,ITA,,,1525271,,,https://raw.githubusercontent.com/pcm-dpc/COVID-19/master/dati-regioni/dpc-covid19-ita-regioni.csv,,,,,,,,,,,,,,,,,,,,,,,,,,,,,,,,,,0,0,1,3,6,11,25,35,61,84,124,159,207,272,323,394,479,592,725,899,1133,1242,1371,1568
,,Molise,ITA,,,305617,,,https://raw.githubusercontent.com/pcm-dpc/COVID-19/master/dati-regioni/dpc-covid19-ita-regioni.csv,,,,,,,,,,,,,,,,,,,,,,,,,,,,,,,,,,0,0,0,0,0,0,0,0,3,3,7,12,14,14,14,15,16,16,17,17,17,21,25,28
,,Piemonte,ITA,,,4356406,,,https://raw.githubusercontent.com/pcm-dpc/COVID-19/master/dati-regioni/dpc-covid19-ita-regioni.csv,,,,,,,,,,,,,,,,,,,,,,,,,,,,,,,,,,3,3,3,2,11,11,49,51,56,82,108,143,207,360,350,453,501,580,840,873,1111,1516,1897,2341
,,Puglia,ITA,,,4029053,,,https://raw.githubusercontent.com/pcm-dpc/COVID-19/master/dati-regioni/dpc-covid19-ita-regioni.csv,,,,,,,,,,,,,,,,,,,,,,,,,,,,,,,,,,0,0,0,1,3,3,3,4,6,9,14,17,26,40,50,59,77,104,129,166,230,230,340,383
,,Sardegna,ITA,,,1639591,,,https://raw.githubusercontent.com/pcm-dpc/COVID-19/master/dati-regioni/dpc-covid19-ita-regioni.csv,,,,,,,,,,,,,,,,,,,,,,,,,,,,,,,,,,0,0,0,0,0,0,0,0,1,2,2,5,5,11,19,20,37,39,43,47,77,107,117,134
,,Sicilia,ITA,,,4999891,,,https://raw.githubusercontent.com/pcm-dpc/COVID-19/master/dati-regioni/dpc-covid19-ita-regioni.csv,,,,,,,,,,,,,,,,,,,,,,,,,,,,,,,,,,0,3,3,4,4,4,9,7,7,18,18,24,35,53,54,62,83,115,130,156,188,213,237,282
,,Toscana,ITA,,,3729641,,,https://raw.githubusercontent.com/pcm-dpc/COVID-19/master/dati-regioni/dpc-covid19-ita-regioni.csv,,,,,,,,,,,,,,,,,,,,,,,,,,,,,,,,,,0,2,2,2,8,11,13,13,19,38,61,79,113,166,208,264,320,364,470,630,781,866,1053,1330
,,P.A. Trento,ITA,,,,,,https://raw.githubusercontent.com/pcm-dpc/COVID-19/master/dati-regioni/dpc-covid19-ita-regioni.csv,,,,,,,,,,,,,,,,,,,,,,,,,,,,,,,,,,0,0,0,0,0,0,0,0,4,5,7,10,14,23,33,52,77,107,163,206,378,378,385,455
,,Umbria,ITA,,,882015,,,https://raw.githubusercontent.com/pcm-dpc/COVID-19/master/dati-regioni/dpc-covid19-ita-regioni.csv,,,,,,,,,,,,,,,,,,,,,,,,,,,,,,,,,,0,0,0,0,0,0,2,2,8,9,9,16,24,26,28,37,46,64,76,107,143,164,197,247
,,Valle d'Aosta,ITA,,,125666,,,https://raw.githubusercontent.com/pcm-dpc/COVID-19/master/dati-regioni/dpc-covid19-ita-regioni.csv,,,,,,,,,,,,,,,,,,,,,,,,,,,,,,,,,,0,0,0,0,0,0,0,0,0,0,2,7,8,9,15,17,20,27,28,42,57,105,136,165
,,Veneto,ITA,,,4905854,,,https://raw.githubusercontent.com/pcm-dpc/COVID-19/master/dati-regioni/dpc-covid19-ita-regioni.csv,,,,,,,,,,,,,,,,,,,,,,,,,,,,,,,,,,33,43,71,111,151,191,263,273,307,360,407,488,543,670,744,856,1023,1384,1595,1937,2172,2473,2704,3214
,Zurich,,CHE,,,,,,https://raw.githubusercontent.com/openZH/covid_19/master/COVID19_Fallzahlen_Kanton_ZH_total.csv,,,,,,,,,,,,,,,,,,,,,,,,,,,,,,,,,,,,,1,2,,,2,9,,19,26,30,37,40,49,59,92,140,,,270,294,424
,DeKalb County,IN,USA,41.397172,-84.998833,43226,,,https://opendata.arcgis.com/datasets/d14de7e28b0448ab82eb36d6f25b1ea1_0.csv,,,,,,,,,,,,,,,,,,,,,,,,,,,,,,,,,,,,,,,,,,,,,,,,,,,,0,0,,,,0
,Boone County,IN,USA,40.051773999999995,-86.4677715,66999,,,https://opendata.arcgis.com/datasets/d14de7e28b0448ab82eb36d6f25b1ea1_0.csv,,,,,,,,,,,,,,,,,,,,,,,,,,,,,,,,,,,,,,,,,,,,,,,,,,,,1,1,,,,1
,Tippecanoe County,IN,USA,40.388631000000004,-86.89501100000001,193048,,,https://opendata.arcgis.com/datasets/d14de7e28b0448ab82eb36d6f25b1ea1_0.csv,,,,,,,,,,,,,,,,,,,,,,,,,,,,,,,,,,,,,,,,,,,,,,,,,,,,0,0,,,,0
,Johnson County,IN,USA,39.4900085,-86.101242,156225,,,https://opendata.arcgis.com/datasets/d14de7e28b0448ab82eb36d6f25b1ea1_0.csv,,,,,,,,,,,,,,,,,,,,,,,,,,,,,,,,,,,,,,,,,,,,,,,,,,,,3,3,,,,3
,Elkhart County,IN,USA,41.598169999999996,-85.858041,205560,,,https://opendata.arcgis.com/datasets/d14de7e28b0448ab82eb36d6f25b1ea1_0.csv,,,,,,,,,,,,,,,,,,,,,,,,,,,,,,,,,,,,,,,,,,,,,,,,,,,,0,0,,,,0
,Adams County,IN,USA,40.745404,-84.93797749999999,35636,,,https://opendata.arcgis.com/datasets/d14de7e28b0448ab82eb36d6f25b1ea1_0.csv,,,,,,,,,,,,,,,,,,,,,,,,,,,,,,,,,,,,,,,,,,,,,,,,,,,,1,1,,,,1
,Noble County,IN,USA,41.3952975,-85.42342049999999,47532,,,https://opendata.arcgis.com/datasets/d14de7e28b0448ab82eb36d6f25b1ea1_0.csv,,,,,,,,,,,,,,,,,,,,,,,,,,,,,,,,,,,,,,,,,,,,,,,,,,,,1,1,,,,1
,Madison County,IN,USA,40.1616875,-85.7193405,129641,,,https://opendata.arcgis.com/datasets/d14de7e28b0448ab82eb36d6f25b1ea1_0.csv,,,,,,,,,,,,,,,,,,,,,,,,,,,,,,,,,,,,,,,,,,,,,,,,,,,,0,0,,,,1
,St Joseph County,IN,USA,42.76080525150005,-75.8409706677239,,,,https://opendata.arcgis.com/datasets/d14de7e28b0448ab82eb36d6f25b1ea1_0.csv,,,,,,,,,,,,,,,,,,,,,,,,,,,,,,,,,,,,,,,,,,,,,,,,,,,,1,1,,,,1
,Jackson County,IN,USA,38.898375,-86.056745,44111,,,https://opendata.arcgis.com/datasets/d14de7e28b0448ab82eb36d6f25b1ea1_0.csv,,,,,,,,,,,,,,,,,,,,,,,,,,,,,,,,,,,,,,,,,,,,,,,,,,,,0,0,,,,0
,Vander. County,IN,USA,,,,,,https://opendata.arcgis.com/datasets/d14de7e28b0448ab82eb36d6f25b1ea1_0.csv,,,,,,,,,,,,,,,,,,,,,,,,,,,,,,,,,,,,,,,,,,,,,,,,,,,,0,0,,,,0
,Grant County,IN,USA,40.515986999999996,-85.6545605,65936,,,https://opendata.arcgis.com/datasets/d14de7e28b0448ab82eb36d6f25b1ea1_0.csv,,,,,,,,,,,,,,,,,,,,,,,,,,,,,,,,,,,,,,,,,,,,,,,,,,,,0,0,,,,0
,Porter County,IN,USA,41.465349,-87.07600400000001,169594,,,https://opendata.arcgis.com/datasets/d14de7e28b0448ab82eb36d6f25b1ea1_0.csv,,,,,,,,,,,,,,,,,,,,,,,,,,,,,,,,,,,,,,,,,,,,,,,,,,,,0,0,,,,0
,Marion County,IN,USA,39.779657,-86.13272599999999,954670,,,https://opendata.arcgis.com/datasets/d14de7e28b0448ab82eb36d6f25b1ea1_0.csv,,,,,,,,,,,,,,,,,,,,,,,,,,,,,,,,,,,,,,,,,,,,,,,,,,,,2,3,,,,11
,Hamilton County,IN,USA,40.0724955,-86.052323,330086,,,https://opendata.arcgis.com/datasets/d14de7e28b0448ab82eb36d6f25b1ea1_0.csv,,,,,,,,,,,,,,,,,,,,,,,,,,,,,,,,,,,,,,,,,,,,,,,,,,,,0,0,,,,2
,Lake County,IN,USA,41.4360915,-87.372815,484411,,,https://opendata.arcgis.com/datasets/d14de7e28b0448ab82eb36d6f25b1ea1_0.csv,,,,,,,,,,,,,,,,,,,,,,,,,,,,,,,,,,,,,,,,,,,,,,,,,,,,0,0,,,,3
,Morgan County,IN,USA,39.486663,-86.46872300000001,70116,,,https://opendata.arcgis.com/datasets/d14de7e28b0448ab82eb36d6f25b1ea1_0.csv,,,,,,,,,,,,,,,,,,,,,,,,,,,,,,,,,,,,,,,,,,,,,,,,,,,,0,0,,,,0
,Hendricks County,IN,USA,39.762399,-86.510613,167009,,,https://opendata.arcgis.com/datasets/d14de7e28b0448ab82eb36d6f25b1ea1_0.csv,,,,,,,,,,,,,,,,,,,,,,,,,,,,,,,,,,,,,,,,,,,,,,,,,,,,2,2,,,,4
,LaPorte County,IN,USA,41.4985245,-86.70959,110007,,,https://opendata.arcgis.com/datasets/d14de7e28b0448ab82eb36d6f25b1ea1_0.csv,,,,,,,,,,,,,,,,,,,,,,,,,,,,,,,,,,,,,,,,,,,,,,,,,,,,0,1,,,,1
,Floyd County,IN,USA,38.299344000000005,-85.8968305,77781,,,https://opendata.arcgis.com/datasets/d14de7e28b0448ab82eb36d6f25b1ea1_0.csv,,,,,,,,,,,,,,,,,,,,,,,,,,,,,,,,,,,,,,,,,,,,,,,,,,,,0,0,,,,1
,Shelby County,IN,USA,39.5229175,-85.7912735,44593,,,https://opendata.arcgis.com/datasets/d14de7e28b0448ab82eb36d6f25b1ea1_0.csv,,,,,,,,,,,,,,,,,,,,,,,,,,,,,,,,,,,,,,,,,,,,,,,,,,,,0,0,,,,0
,Allen County,IN,USA,41.093929,-85.070744,375351,,,https://opendata.arcgis.com/datasets/d14de7e28b0448ab82eb36d6f25b1ea1_0.csv,,,,,,,,,,,,,,,,,,,,,,,,,,,,,,,,,,,,,,,,,,,,,,,,,,,,0,0,,,,0
,Tipton County,IN,USA,40.311361500000004,-86.052076,15128,,,https://opendata.arcgis.com/datasets/d14de7e28b0448ab82eb36d6f25b1ea1_0.csv,,,,,,,,,,,,,,,,,,,,,,,,,,,,,,,,,,,,,,,,,,,,,,,,,,,,0,0,,,,0
,Rush County,IN,USA,39.6201645,-85.465533,16663,,,https://opendata.arcgis.com/datasets/d14de7e28b0448ab82eb36d6f25b1ea1_0.csv,,,,,,,,,,,,,,,,,,,,,,,,,,,,,,,,,,,,,,,,,,,,,,,,,,,,0,0,,,,0
,Orange County,IN,USA,38.541362,-86.49588800000001,19489,,,https://opendata.arcgis.com/datasets/d14de7e28b0448ab82eb36d6f25b1ea1_0.csv,,,,,,,,,,,,,,,,,,,,,,,,,,,,,,,,,,,,,,,,,,,,,,,,,,,,0,0,,,,0
,Crawford County,IN,USA,38.264135499999995,-86.4664205,10558,,,https://opendata.arcgis.com/datasets/d14de7e28b0448ab82eb36d6f25b1ea1_0.csv,,,,,,,,,,,,,,,,,,,,,,,,,,,,,,,,,,,,,,,,,,,,,,,,,,,,0,0,,,,0
,Owen County,IN,USA,39.319545500000004,-86.84269800000001,20845,,,https://opendata.arcgis.com/datasets/d14de7e28b0448ab82eb36d6f25b1ea1_0.csv,,,,,,,,,,,,,,,,,,,,,,,,,,,,,,,,,,,,,,,,,,,,,,,,,,,,0,0,,,,0
,Fountain County,IN,USA,40.159532,-87.2651005,16351,,,https://opendata.arcgis.com/datasets/d14de7e28b0448ab82eb36d6f25b1ea1_0.csv,,,,,,,,,,,,,,,,,,,,,,,,,,,,,,,,,,,,,,,,,,,,,,,,,,,,0,0,,,,0
,Decatur County,IN,USA,39.292067,-85.4919175,26794,,,https://opendata.arcgis.com/datasets/d14de7e28b0448ab82eb36d6f25b1ea1_0.csv,,,,,,,,,,,,,,,,,,,,,,,,,,,,,,,,,,,,,,,,,,,,,,,,,,,,0,0,,,,0
,Fulton County,IN,USA,41.0412495,-86.2069545,20092,,,https://opendata.arcgis.com/datasets/d14de7e28b0448ab82eb36d6f25b1ea1_0.csv,,,,,,,,,,,,,,,,,,,,,,,,,,,,,,,,,,,,,,,,,,,,,,,,,,,,0,0,,,,0
,LaGrange County,IN,USA,41.641722,-85.426917,39330,,,https://opendata.arcgis.com/datasets/d14de7e28b0448ab82eb36d6f25b1ea1_0.csv,,,,,,,,,,,,,,,,,,,,,,,,,,,,,,,,,,,,,,,,,,,,,,,,,,,,0,0,,,,0
,Knox County,IN,USA,38.6611855,-87.4215765,36895,,,https://opendata.arcgis.com/datasets/d14de7e28b0448ab82eb36d6f25b1ea1_0.csv,,,,,,,,,,,,,,,,,,,,,,,,,,,,,,,,,,,,,,,,,,,,,,,,,,,,0,0,,,,0
,Monroe County,IN,USA,39.173286000000004,-86.50153900000001,146917,,,https://opendata.arcgis.com/datasets/d14de7e28b0448ab82eb36d6f25b1ea1_0.csv,,,,,,,,,,,,,,,,,,,,,,,,,,,,,,,,,,,,,,,,,,,,,,,,,,,,0,0,,,,0
,Cass County,IN,USA,40.736143,-86.3733815,37955,,,https://opendata.arcgis.com/datasets/d14de7e28b0448ab82eb36d6f25b1ea1_0.csv,,,,,,,,,,,,,,,,,,,,,,,,,,,,,,,,,,,,,,,,,,,,,,,,,,,,0,0,,,,0
,Randolph County,IN,USA,40.157236999999995,-85.011338,24851,,,https://opendata.arcgis.com/datasets/d14de7e28b0448ab82eb36d6f25b1ea1_0.csv,,,,,,,,,,,,,,,,,,,,,,,,,,,,,,,,,,,,,,,,,,,,,,,,,,,,0,0,,,,0
,Martin County,IN,USA,38.700171999999995,-86.8032725,10217,,,https://opendata.arcgis.com/datasets/d14de7e28b0448ab82eb36d6f25b1ea1_0.csv,,,,,,,,,,,,,,,,,,,,,,,,,,,,,,,,,,,,,,,,,,,,,,,,,,,,0,0,,,,0
,Washington County,IN,USA,38.5984585,-86.078819,27943,,,https://opendata.arcgis.com/datasets/d14de7e28b0448ab82eb36d6f25b1ea1_0.csv,,,,,,,,,,,,,,,,,,,,,,,,,,,,,,,,,,,,,,,,,,,,,,,,,,,,0,0,,,,0
,Parke County,IN,USA,39.779033,-87.2218005,16927,,,https://opendata.arcgis.com/datasets/d14de7e28b0448ab82eb36d6f25b1ea1_0.csv,,,,,,,,,,,,,,,,,,,,,,,,,,,,,,,,,,,,,,,,,,,,,,,,,,,,0,0,,,,0
,Kosciusko County,IN,USA,41.239367,-85.8647395,79344,,,https://opendata.arcgis.com/datasets/d14de7e28b0448ab82eb36d6f25b1ea1_0.csv,,,,,,,,,,,,,,,,,,,,,,,,,,,,,,,,,,,,,,,,,,,,,,,,,,,,0,0,,,,0
,Wayne County,IN,USA,39.8599215,-85.01602550000001,65936,,,https://opendata.arcgis.com/datasets/d14de7e28b0448ab82eb36d6f25b1ea1_0.csv,,,,,,,,,,,,,,,,,,,,,,,,,,,,,,,,,,,,,,,,,,,,,,,,,,,,0,0,,,,0
,Montgomery County,IN,USA,40.039825500000006,-86.893817,38346,,,https://opendata.arcgis.com/datasets/d14de7e28b0448ab82eb36d6f25b1ea1_0.csv,,,,,,,,,,,,,,,,,,,,,,,,,,,,,,,,,,,,,,,,,,,,,,,,,,,,0,0,,,,0
,Hancock County,IN,USA,39.821446,-85.76510250000001,76351,,,https://opendata.arcgis.com/datasets/d14de7e28b0448ab82eb36d6f25b1ea1_0.csv,,,,,,,,,,,,,,,,,,,,,,,,,,,,,,,,,,,,,,,,,,,,,,,,,,,,0,0,,,,0
,Vigo County,IN,USA,39.4335005,-87.40453099999999,107386,,,https://opendata.arcgis.com/datasets/d14de7e28b0448ab82eb36d6f25b1ea1_0.csv,,,,,,,,,,,,,,,,,,,,,,,,,,,,,,,,,,,,,,,,,,,,,,,,,,,,0,0,,,,0
,Jefferson County,IN,USA,38.749990499999996,-85.4428255,32208,,,https://opendata.arcgis.com/datasets/d14de7e28b0448ab82eb36d6f25b1ea1_0.csv,,,,,,,,,,,,,,,,,,,,,,,,,,,,,,,,,,,,,,,,,,,,,,,,,,,,0,0,,,,0
,Huntington County,IN,USA,40.8291895,-85.48925399999999,36240,,,https://opendata.arcgis.com/datasets/d14de7e28b0448ab82eb36d6f25b1ea1_0.csv,,,,,,,,,,,,,,,,,,,,,,,,,,,,,,,,,,,,,,,,,,,,,,,,,,,,0,0,,,,0
,Harrison County,IN,USA,38.190351500000006,-86.114784,40350,,,https://opendata.arcgis.com/datasets/d14de7e28b0448ab82eb36d6f25b1ea1_0.csv,,,,,,,,,,,,,,,,,,,,,,,,,,,,,,,,,,,,,,,,,,,,,,,,,,,,0,0,,,,0
,Wabash County,IN,USA,40.848853500000004,-85.7925115,31280,,,https://opendata.arcgis.com/datasets/d14de7e28b0448ab82eb36d6f25b1ea1_0.csv,,,,,,,,,,,,,,,,,,,,,,,,,,,,,,,,,,,,,,,,,,,,,,,,,,,,0,0,,,,0
,Delaware County,IN,USA,40.2282065,-85.3964875,114772,,,https://opendata.arcgis.com/datasets/d14de7e28b0448ab82eb36d6f25b1ea1_0.csv,,,,,,,,,,,,,,,,,,,,,,,,,,,,,,,,,,,,,,,,,,,,,,,,,,,,0,0,,,,0
,Posey County,IN,USA,38.001000000000005,-87.87335350000001,25540,,,https://opendata.arcgis.com/datasets/d14de7e28b0448ab82eb36d6f25b1ea1_0.csv,,,,,,,,,,,,,,,,,,,,,,,,,,,,,,,,,,,,,,,,,,,,,,,,,,,,0,0,,,,0
,Spencer County,IN,USA,37.993821,-87.0179535,20327,,,https://opendata.arcgis.com/datasets/d14de7e28b0448ab82eb36d6f25b1ea1_0.csv,,,,,,,,,,,,,,,,,,,,,,,,,,,,,,,,,,,,,,,,,,,,,,,,,,,,0,0,,,,0
,Ohio County,IN,USA,38.9659135,-84.9850845,5844,,,https://opendata.arcgis.com/datasets/d14de7e28b0448ab82eb36d6f25b1ea1_0.csv,,,,,,,,,,,,,,,,,,,,,,,,,,,,,,,,,,,,,,,,,,,,,,,,,,,,0,0,,,,0
,Carroll County,IN,USA,40.5844765,-86.5738755,20127,,,https://opendata.arcgis.com/datasets/d14de7e28b0448ab82eb36d6f25b1ea1_0.csv,,,,,,,,,,,,,,,,,,,,,,,,,,,,,,,,,,,,,,,,,,,,,,,,,,,,0,0,,,,0
,Warren County,IN,USA,40.3021425,-87.311793,8263,,,https://opendata.arcgis.com/datasets/d14de7e28b0448ab82eb36d6f25b1ea1_0.csv,,,,,,,,,,,,,,,,,,,,,,,,,,,,,,,,,,,,,,,,,,,,,,,,,,,,0,0,,,,0
,Franklin County,IN,USA,39.397251999999995,-85.056989,22736,,,https://opendata.arcgis.com/datasets/d14de7e28b0448ab82eb36d6f25b1ea1_0.csv,,,,,,,,,,,,,,,,,,,,,,,,,,,,,,,,,,,,,,,,,,,,,,,,,,,,0,0,,,,2
,Pulaski County,IN,USA,41.0411035,-86.6989025,12469,,,https://opendata.arcgis.com/datasets/d14de7e28b0448ab82eb36d6f25b1ea1_0.csv,,,,,,,,,,,,,,,,,,,,,,,,,,,,,,,,,,,,,,,,,,,,,,,,,,,,0,0,,,,0
,Jay County,IN,USA,40.439459,-85.0111465,20764,,,https://opendata.arcgis.com/datasets/d14de7e28b0448ab82eb36d6f25b1ea1_0.csv,,,,,,,,,,,,,,,,,,,,,,,,,,,,,,,,,,,,,,,,,,,,,,,,,,,,0,0,,,,0
,Wells County,IN,USA,40.742376,-85.258652,28206,,,https://opendata.arcgis.com/datasets/d14de7e28b0448ab82eb36d6f25b1ea1_0.csv,,,,,,,,,,,,,,,,,,,,,,,,,,,,,,,,,,,,,,,,,,,,,,,,,,,,0,1,,,,1
,Marshall County,IN,USA,41.325298000000004,-86.2605775,46248,,,https://opendata.arcgis.com/datasets/d14de7e28b0448ab82eb36d6f25b1ea1_0.csv,,,,,,,,,,,,,,,,,,,,,,,,,,,,,,,,,,,,,,,,,,,,,,,,,,,,0,0,,,,0
,Sullivan County,IN,USA,39.080525,-87.4431845,20690,,,https://opendata.arcgis.com/datasets/d14de7e28b0448ab82eb36d6f25b1ea1_0.csv,,,,,,,,,,,,,,,,,,,,,,,,,,,,,,,,,,,,,,,,,,,,,,,,,,,,0,0,,,,0
,Brown County,IN,USA,39.196282,-86.23083349999999,15234,,,https://opendata.arcgis.com/datasets/d14de7e28b0448ab82eb36d6f25b1ea1_0.csv,,,,,,,,,,,,,,,,,,,,,,,,,,,,,,,,,,,,,,,,,,,,,,,,,,,,0,0,,,,0
,Ripley County,IN,USA,39.1115335,-85.2549985,28523,,,https://opendata.arcgis.com/datasets/d14de7e28b0448ab82eb36d6f25b1ea1_0.csv,,,,,,,,,,,,,,,,,,,,,,,,,,,,,,,,,,,,,,,,,,,,,,,,,,,,0,0,,,,0
,Henry County,IN,USA,39.931831,-85.3989305,48271,,,https://opendata.arcgis.com/datasets/d14de7e28b0448ab82eb36d6f25b1ea1_0.csv,,,,,,,,,,,,,,,,,,,,,,,,,,,,,,,,,,,,,,,,,,,,,,,,,,,,0,0,,,,0
,Howard County,IN,USA,40.469593,-86.1189395,82366,,,https://opendata.arcgis.com/datasets/d14de7e28b0448ab82eb36d6f25b1ea1_0.csv,,,,,,,,,,,,,,,,,,,,,,,,,,,,,,,,,,,,,,,,,,,,,,,,,,,,1,1,,,,2
,Whitley County,IN,USA,41.148574999999994,-85.49717749999999,34074,,,https://opendata.arcgis.com/datasets/d14de7e28b0448ab82eb36d6f25b1ea1_0.csv,,,,,,,,,,,,,,,,,,,,,,,,,,,,,,,,,,,,,,,,,,,,,,,,,,,,0,0,,,,0
,Dearborn County,IN,USA,39.1234195,-84.9759795,49568,,,https://opendata.arcgis.com/datasets/d14de7e28b0448ab82eb36d6f25b1ea1_0.csv,,,,,,,,,,,,,,,,,,,,,,,,,,,,,,,,,,,,,,,,,,,,,,,,,,,,0,0,,,,0
,Blackford County,IN,USA,40.473138,-85.32408,11930,,,https://opendata.arcgis.com/datasets/d14de7e28b0448ab82eb36d6f25b1ea1_0.csv,,,,,,,,,,,,,,,,,,,,,,,,,,,,,,,,,,,,,,,,,,,,,,,,,,,,0,0,,,,0
,Scott County,IN,USA,38.6948615,-85.729157,23878,,,https://opendata.arcgis.com/datasets/d14de7e28b0448ab82eb36d6f25b1ea1_0.csv,,,,,,,,,,,,,,,,,,,,,,,,,,,,,,,,,,,,,,,,,,,,,,,,,,,,0,0,,,,0
,Bartholomew County,IN,USA,39.192976,-85.885058,82753,,,https://opendata.arcgis.com/datasets/d14de7e28b0448ab82eb36d6f25b1ea1_0.csv,,,,,,,,,,,,,,,,,,,,,,,,,,,,,,,,,,,,,,,,,,,,,,,,,,,,0,0,,,,1
,Jasper County,IN,USA,41.011453,-87.1030475,33370,,,https://opendata.arcgis.com/datasets/d14de7e28b0448ab82eb36d6f25b1ea1_0.csv,,,,,,,,,,,,,,,,,,,,,,,,,,,,,,,,,,,,,,,,,,,,,,,,,,,,0,0,,,,0
,Union County,IN,USA,39.6256065,-84.925108,7037,,,https://opendata.arcgis.com/datasets/d14de7e28b0448ab82eb36d6f25b1ea1_0.csv,,,,,,,,,,,,,,,,,,,,,,,,,,,,,,,,,,,,,,,,,,,,,,,,,,,,0,0,,,,0
,Verm. County,IN,USA,,,,,,https://opendata.arcgis.com/datasets/d14de7e28b0448ab82eb36d6f25b1ea1_0.csv,,,,,,,,,,,,,,,,,,,,,,,,,,,,,,,,,,,,,,,,,,,,,,,,,,,,0,0,,,,0
,Benton County,IN,USA,40.606315,-87.3100935,8653,,,https://opendata.arcgis.com/datasets/d14de7e28b0448ab82eb36d6f25b1ea1_0.csv,,,,,,,,,,,,,,,,,,,,,,,,,,,,,,,,,,,,,,,,,,,,,,,,,,,,0,0,,,,0
,Clay County,IN,USA,39.387551,-87.090359,26170,,,https://opendata.arcgis.com/datasets/d14de7e28b0448ab82eb36d6f25b1ea1_0.csv,,,,,,,,,,,,,,,,,,,,,,,,,,,,,,,,,,,,,,,,,,,,,,,,,,,,0,0,,,,0
,Lawrence County,IN,USA,38.8394825,-86.47919150000001,45668,,,https://opendata.arcgis.com/datasets/d14de7e28b0448ab82eb36d6f25b1ea1_0.csv,,,,,,,,,,,,,,,,,,,,,,,,,,,,,,,,,,,,,,,,,,,,,,,,,,,,0,0,,,,0
,Clark County,IN,USA,38.436953,-85.704951,117360,,,https://opendata.arcgis.com/datasets/d14de7e28b0448ab82eb36d6f25b1ea1_0.csv,,,,,,,,,,,,,,,,,,,,,,,,,,,,,,,,,,,,,,,,,,,,,,,,,,,,0,0,,,,1
,Miami County,IN,USA,40.780922000000004,-86.01632649999999,35567,,,https://opendata.arcgis.com/datasets/d14de7e28b0448ab82eb36d6f25b1ea1_0.csv,,,,,,,,,,,,,,,,,,,,,,,,,,,,,,,,,,,,,,,,,,,,,,,,,,,,0,0,,,,0
,Fayette County,IN,USA,39.6569625,-85.1680795,23047,,,https://opendata.arcgis.com/datasets/d14de7e28b0448ab82eb36d6f25b1ea1_0.csv,,,,,,,,,,,,,,,,,,,,,,,,,,,,,,,,,,,,,,,,,,,,,,,,,,,,0,0,,,,1
,Newton County,IN,USA,40.977588499999996,-87.3970095,14011,,,https://opendata.arcgis.com/datasets/d14de7e28b0448ab82eb36d6f25b1ea1_0.csv,,,,,,,,,,,,,,,,,,,,,,,,,,,,,,,,,,,,,,,,,,,,,,,,,,,,0,0,,,,0
,Perry County,IN,USA,38.0538765,-86.6224235,19102,,,https://opendata.arcgis.com/datasets/d14de7e28b0448ab82eb36d6f25b1ea1_0.csv,,,,,,,,,,,,,,,,,,,,,,,,,,,,,,,,,,,,,,,,,,,,,,,,,,,,0,0,,,,0
,Putnam County,IN,USA,39.668384,-86.8280865,37779,,,https://opendata.arcgis.com/datasets/d14de7e28b0448ab82eb36d6f25b1ea1_0.csv,,,,,,,,,,,,,,,,,,,,,,,,,,,,,,,,,,,,,,,,,,,,,,,,,,,,0,0,,,,0
,Starke County,IN,USA,41.302205,-86.6983865,22935,,,https://opendata.arcgis.com/datasets/d14de7e28b0448ab82eb36d6f25b1ea1_0.csv,,,,,,,,,,,,,,,,,,,,,,,,,,,,,,,,,,,,,,,,,,,,,,,,,,,,0,0,,,,0
,Greene County,IN,USA,39.0371445,-86.961652,32006,,,https://opendata.arcgis.com/datasets/d14de7e28b0448ab82eb36d6f25b1ea1_0.csv,,,,,,,,,,,,,,,,,,,,,,,,,,,,,,,,,,,,,,,,,,,,,,,,,,,,0,0,,,,0
,Pike County,IN,USA,38.390486499999994,-87.2676305,12410,,,https://opendata.arcgis.com/datasets/d14de7e28b0448ab82eb36d6f25b1ea1_0.csv,,,,,,,,,,,,,,,,,,,,,,,,,,,,,,,,,,,,,,,,,,,,,,,,,,,,0,0,,,,0
,Warrick County,IN,USA,38.062363000000005,-87.245218,62567,,,https://opendata.arcgis.com/datasets/d14de7e28b0448ab82eb36d6f25b1ea1_0.csv,,,,,,,,,,,,,,,,,,,,,,,,,,,,,,,,,,,,,,,,,,,,,,,,,,,,0,0,,,,0
,Daviess County,IN,USA,38.6973285,-87.0858515,33147,,,https://opendata.arcgis.com/datasets/d14de7e28b0448ab82eb36d6f25b1ea1_0.csv,,,,,,,,,,,,,,,,,,,,,,,,,,,,,,,,,,,,,,,,,,,,,,,,,,,,0,0,,,,0
,Dubois County,IN,USA,38.365024000000005,-86.87606650000001,42565,,,https://opendata.arcgis.com/datasets/d14de7e28b0448ab82eb36d6f25b1ea1_0.csv,,,,,,,,,,,,,,,,,,,,,,,,,,,,,,,,,,,,,,,,,,,,,,,,,,,,0,0,,,,0
,Clinton County,IN,USA,40.304673,-86.46908450000001,32250,,,https://opendata.arcgis.com/datasets/d14de7e28b0448ab82eb36d6f25b1ea1_0.csv,,,,,,,,,,,,,,,,,,,,,,,,,,,,,,,,,,,,,,,,,,,,,,,,,,,,0,0,,,,0
,White County,IN,USA,40.737271,-86.8406485,24133,,,https://opendata.arcgis.com/datasets/d14de7e28b0448ab82eb36d6f25b1ea1_0.csv,,,,,,,,,,,,,,,,,,,,,,,,,,,,,,,,,,,,,,,,,,,,,,,,,,,,0,0,,,,0
,Switzerland County,IN,USA,38.8085935,-84.9938725,10717,,,https://opendata.arcgis.com/datasets/d14de7e28b0448ab82eb36d6f25b1ea1_0.csv,,,,,,,,,,,,,,,,,,,,,,,,,,,,,,,,,,,,,,,,,,,,,,,,,,,,0,0,,,,0
,Steuben County,IN,USA,41.6433265,-85.0007515,34586,,,https://opendata.arcgis.com/datasets/d14de7e28b0448ab82eb36d6f25b1ea1_0.csv,,,,,,,,,,,,,,,,,,,,,,,,,,,,,,,,,,,,,,,,,,,,,,,,,,,,0,0,,,,0
,Gibson County,IN,USA,38.349461,-87.64698250000001,33452,,,https://opendata.arcgis.com/datasets/d14de7e28b0448ab82eb36d6f25b1ea1_0.csv,,,,,,,,,,,,,,,,,,,,,,,,,,,,,,,,,,,,,,,,,,,,,,,,,,,,0,0,,,,0
,Jennings County,IN,USA,39.0015625,-85.619944,27611,,,https://opendata.arcgis.com/datasets/d14de7e28b0448ab82eb36d6f25b1ea1_0.csv,,,,,,,,,,,,,,,,,,,,,,,,,,,,,,,,,,,,,,,,,,,,,,,,,,,,0,0,,,,1
,Rockingham County,NC,USA,36.39209,-79.77325049999999,90690,,,https://opendata.arcgis.com/datasets/969678bce431494a8f64d7faade6e5b8_0.csv,,,,,,,,,,,,,,,,,,,,,,,,,,,,,,,,,,,,,,,,,,,,,,,,,,,,0,0,,,,0
,Guilford County,NC,USA,36.078567,-79.789537,533670,,,https://opendata.arcgis.com/datasets/969678bce431494a8f64d7faade6e5b8_0.csv,,,,,,,,,,,,,,,,,,,,,,,,,,,,,,,,,,,,,,,,,,,,,,,,,,,,0,0,,,,1
,Alamance County,NC,USA,36.046625,-79.389903,166436,,,https://opendata.arcgis.com/datasets/969678bce431494a8f64d7faade6e5b8_0.csv,,,,,,,,,,,,,,,,,,,,,,,,,,,,,,,,,,,,,,,,,,,,,,,,,,,,0,0,,,,0
,Alexander County,NC,USA,35.9112,-81.173576,37353,,,https://opendata.arcgis.com/datasets/969678bce431494a8f64d7faade6e5b8_0.csv,,,,,,,,,,,,,,,,,,,,,,,,,,,,,,,,,,,,,,,,,,,,,,,,,,,,0,0,,,,0
,Randolph County,NC,USA,35.713162,-79.80440999999999,143351,,,https://opendata.arcgis.com/datasets/969678bce431494a8f64d7faade6e5b8_0.csv,,,,,,,,,,,,,,,,,,,,,,,,,,,,,,,,,,,,,,,,,,,,,,,,,,,,0,0,,,,0
,Wayne County,NC,USA,35.372187,-78.0523115,123248,,,https://opendata.arcgis.com/datasets/969678bce431494a8f64d7faade6e5b8_0.csv,,,,,,,,,,,,,,,,,,,,,,,,,,,,,,,,,,,,,,,,,,,,,,,,,,,,0,1,,,,1
,Ashe County,NC,USA,36.414194499999994,-81.4925705,27109,,,https://opendata.arcgis.com/datasets/969678bce431494a8f64d7faade6e5b8_0.csv,,,,,,,,,,,,,,,,,,,,,,,,,,,,,,,,,,,,,,,,,,,,,,,,,,,,0,0,,,,0
,Alleghany County,NC,USA,36.470187499999994,-81.128388,11161,,,https://opendata.arcgis.com/datasets/969678bce431494a8f64d7faade6e5b8_0.csv,,,,,,,,,,,,,,,,,,,,,,,,,,,,,,,,,,,,,,,,,,,,,,,,,,,,0,0,,,,0
,Currituck County,NC,USA,36.311232000000004,-76.0432625,27072,,,https://opendata.arcgis.com/datasets/969678bce431494a8f64d7faade6e5b8_0.csv,,,,,,,,,,,,,,,,,,,,,,,,,,,,,,,,,,,,,,,,,,,,,,,,,,,,0,0,,,,0
,Camden County,NC,USA,36.357271,-76.2231965,10710,,,https://opendata.arcgis.com/datasets/969678bce431494a8f64d7faade6e5b8_0.csv,,,,,,,,,,,,,,,,,,,,,,,,,,,,,,,,,,,,,,,,,,,,,,,,,,,,0,0,,,,0
,Surry County,NC,USA,36.399366,-80.7073595,71948,,,https://opendata.arcgis.com/datasets/969678bce431494a8f64d7faade6e5b8_0.csv,,,,,,,,,,,,,,,,,,,,,,,,,,,,,,,,,,,,,,,,,,,,,,,,,,,,0,0,,,,0
,Gates County,NC,USA,36.424152,-76.70138,11573,,,https://opendata.arcgis.com/datasets/969678bce431494a8f64d7faade6e5b8_0.csv,,,,,,,,,,,,,,,,,,,,,,,,,,,,,,,,,,,,,,,,,,,,,,,,,,,,0,0,,,,0
,Hertford County,NC,USA,36.392281999999994,-76.94985,23659,,,https://opendata.arcgis.com/datasets/969678bce431494a8f64d7faade6e5b8_0.csv,,,,,,,,,,,,,,,,,,,,,,,,,,,,,,,,,,,,,,,,,,,,,,,,,,,,0,0,,,,0
,Northampton County,NC,USA,36.356129499999994,-77.48302000000001,19676,,,https://opendata.arcgis.com/datasets/969678bce431494a8f64d7faade6e5b8_0.csv,,,,,,,,,,,,,,,,,,,,,,,,,,,,,,,,,,,,,,,,,,,,,,,,,,,,0,0,,,,0
,Stokes County,NC,USA,36.4039905,-80.2396115,45467,,,https://opendata.arcgis.com/datasets/969678bce431494a8f64d7faade6e5b8_0.csv,,,,,,,,,,,,,,,,,,,,,,,,,,,,,,,,,,,,,,,,,,,,,,,,,,,,0,0,,,,0
,Warren County,NC,USA,36.373663,-78.110931,19807,,,https://opendata.arcgis.com/datasets/969678bce431494a8f64d7faade6e5b8_0.csv,,,,,,,,,,,,,,,,,,,,,,,,,,,,,,,,,,,,,,,,,,,,,,,,,,,,0,0,,,,0
,Vance County,NC,USA,36.3539845,-78.394374,44582,,,https://opendata.arcgis.com/datasets/969678bce431494a8f64d7faade6e5b8_0.csv,,,,,,,,,,,,,,,,,,,,,,,,,,,,,,,,,,,,,,,,,,,,,,,,,,,,0,0,,,,0
,Granville County,NC,USA,36.282139,-78.6309765,60115,,,https://opendata.arcgis.com/datasets/969678bce431494a8f64d7faade6e5b8_0.csv,,,,,,,,,,,,,,,,,,,,,,,,,,,,,,,,,,,,,,,,,,,,,,,,,,,,0,0,,,,0
,Caswell County,NC,USA,36.391928,-79.335016,22698,,,https://opendata.arcgis.com/datasets/969678bce431494a8f64d7faade6e5b8_0.csv,,,,,,,,,,,,,,,,,,,,,,,,,,,,,,,,,,,,,,,,,,,,,,,,,,,,0,0,,,,0
,Person County,NC,USA,36.389045499999995,-78.974278,39507,,,https://opendata.arcgis.com/datasets/969678bce431494a8f64d7faade6e5b8_0.csv,,,,,,,,,,,,,,,,,,,,,,,,,,,,,,,,,,,,,,,,,,,,,,,,,,,,0,0,,,,0
,Pasquotank County,NC,USA,36.31698,-76.2753735,39639,,,https://opendata.arcgis.com/datasets/969678bce431494a8f64d7faade6e5b8_0.csv,,,,,,,,,,,,,,,,,,,,,,,,,,,,,,,,,,,,,,,,,,,,,,,,,,,,0,0,,,,0
,Halifax County,NC,USA,36.255891000000005,-77.618624,50574,,,https://opendata.arcgis.com/datasets/969678bce431494a8f64d7faade6e5b8_0.csv,,,,,,,,,,,,,,,,,,,,,,,,,,,,,,,,,,,,,,,,,,,,,,,,,,,,0,0,,,,0
,Wilkes County,NC,USA,36.217608,-81.20716300000001,68557,,,https://opendata.arcgis.com/datasets/969678bce431494a8f64d7faade6e5b8_0.csv,,,,,,,,,,,,,,,,,,,,,,,,,,,,,,,,,,,,,,,,,,,,,,,,,,,,0,0,,,,0
,Watauga County,NC,USA,36.2509755,-81.686846,55945,,,https://opendata.arcgis.com/datasets/969678bce431494a8f64d7faade6e5b8_0.csv,,,,,,,,,,,,,,,,,,,,,,,,,,,,,,,,,,,,,,,,,,,,,,,,,,,,0,0,,,,1
,Perquimans County,NC,USA,36.226709,-76.390806,13422,,,https://opendata.arcgis.com/datasets/969678bce431494a8f64d7faade6e5b8_0.csv,,,,,,,,,,,,,,,,,,,,,,,,,,,,,,,,,,,,,,,,,,,,,,,,,,,,0,0,,,,0
,Chowan County,NC,USA,36.178765999999996,-76.5666445,14029,,,https://opendata.arcgis.com/datasets/969678bce431494a8f64d7faade6e5b8_0.csv,,,,,,,,,,,,,,,,,,,,,,,,,,,,,,,,,,,,,,,,,,,,,,,,,,,,0,0,,,,0
,Avery County,NC,USA,36.099315000000004,-81.9081385,17505,,,https://opendata.arcgis.com/datasets/969678bce431494a8f64d7faade6e5b8_0.csv,,,,,,,,,,,,,,,,,,,,,,,,,,,,,,,,,,,,,,,,,,,,,,,,,,,,0,0,,,,0
,Yadkin County,NC,USA,36.165891,-80.657182,37543,,,https://opendata.arcgis.com/datasets/969678bce431494a8f64d7faade6e5b8_0.csv,,,,,,,,,,,,,,,,,,,,,,,,,,,,,,,,,,,,,,,,,,,,,,,,,,,,0,0,,,,0
,Dare County,NC,USA,35.708368,-75.7362335,36501,,,https://opendata.arcgis.com/datasets/969678bce431494a8f64d7faade6e5b8_0.csv,,,,,,,,,,,,,,,,,,,,,,,,,,,,,,,,,,,,,,,,,,,,,,,,,,,,0,0,,,,0
,Forsyth County,NC,USA,36.1174225,-80.2759705,379099,,,https://opendata.arcgis.com/datasets/969678bce431494a8f64d7faade6e5b8_0.csv,,,,,,,,,,,,,,,,,,,,,,,,,,,,,,,,,,,,,,,,,,,,,,,,,,,,2,2,,,,2
,Franklin County,NC,USA,36.0419445,-78.27652549999999,67560,,,https://opendata.arcgis.com/datasets/969678bce431494a8f64d7faade6e5b8_0.csv,,,,,,,,,,,,,,,,,,,,,,,,,,,,,,,,,,,,,,,,,,,,,,,,,,,,0,0,,,,0
,Bertie County,NC,USA,36.0338355,-77.0036715,19026,,,https://opendata.arcgis.com/datasets/969678bce431494a8f64d7faade6e5b8_0.csv,,,,,,,,,,,,,,,,,,,,,,,,,,,,,,,,,,,,,,,,,,,,,,,,,,,,0,0,,,,0
,Orange County,NC,USA,36.052271,-79.107692,146027,,,https://opendata.arcgis.com/datasets/969678bce431494a8f64d7faade6e5b8_0.csv,,,,,,,,,,,,,,,,,,,,,,,,,,,,,,,,,,,,,,,,,,,,,,,,,,,,0,0,,,,0
,Durham County,NC,USA,36.051317999999995,-78.8573145,316739,,,https://opendata.arcgis.com/datasets/969678bce431494a8f64d7faade6e5b8_0.csv,,,,,,,,,,,,,,,,,,,,,,,,,,,,,,,,,,,,,,,,,,,,,,,,,,,,1,1,,,,12
,Nash County,NC,USA,35.966553000000005,-77.976391,94016,,,https://opendata.arcgis.com/datasets/969678bce431494a8f64d7faade6e5b8_0.csv,,,,,,,,,,,,,,,,,,,,,,,,,,,,,,,,,,,,,,,,,,,,,,,,,,,,0,0,,,,0
,Mitchell County,NC,USA,35.991779,-82.198442,15000,,,https://opendata.arcgis.com/datasets/969678bce431494a8f64d7faade6e5b8_0.csv,,,,,,,,,,,,,,,,,,,,,,,,,,,,,,,,,,,,,,,,,,,,,,,,,,,,0,0,,,,0
,Edgecombe County,NC,USA,35.915150999999994,-77.585453,52005,,,https://opendata.arcgis.com/datasets/969678bce431494a8f64d7faade6e5b8_0.csv,,,,,,,,,,,,,,,,,,,,,,,,,,,,,,,,,,,,,,,,,,,,,,,,,,,,0,0,,,,0
,Caldwell County,NC,USA,35.939887,-81.5699525,82029,,,https://opendata.arcgis.com/datasets/969678bce431494a8f64d7faade6e5b8_0.csv,,,,,,,,,,,,,,,,,,,,,,,,,,,,,,,,,,,,,,,,,,,,,,,,,,,,0,0,,,,0
,Tyrrell County,NC,USA,35.7957445,-76.210059,4131,,,https://opendata.arcgis.com/datasets/969678bce431494a8f64d7faade6e5b8_0.csv,,,,,,,,,,,,,,,,,,,,,,,,,,,,,,,,,,,,,,,,,,,,,,,,,,,,0,0,,,,0
,Yancey County,NC,USA,35.888507000000004,-82.31928300000001,17903,,,https://opendata.arcgis.com/datasets/969678bce431494a8f64d7faade6e5b8_0.csv,,,,,,,,,,,,,,,,,,,,,,,,,,,,,,,,,,,,,,,,,,,,,,,,,,,,0,0,,,,0
,Madison County,NC,USA,35.8719975,-82.685785,21763,,,https://opendata.arcgis.com/datasets/969678bce431494a8f64d7faade6e5b8_0.csv,,,,,,,,,,,,,,,,,,,,,,,,,,,,,,,,,,,,,,,,,,,,,,,,,,,,0,0,,,,0
,Martin County,NC,USA,35.8664985,-77.084982,22671,,,https://opendata.arcgis.com/datasets/969678bce431494a8f64d7faade6e5b8_0.csv,,,,,,,,,,,,,,,,,,,,,,,,,,,,,,,,,,,,,,,,,,,,,,,,,,,,0,0,,,,0
,Wake County,NC,USA,35.796786499999996,-78.6249785,1092305,,,https://opendata.arcgis.com/datasets/969678bce431494a8f64d7faade6e5b8_0.csv,,,,,,,,,,,,,,,,,,,,,,,,,,,,,,,,,,,,,,,,,,,,,,,,,,,,8,11,,,,17
,Davie County,NC,USA,35.9026525,-80.5364645,42733,,,https://opendata.arcgis.com/datasets/969678bce431494a8f64d7faade6e5b8_0.csv,,,,,,,,,,,,,,,,,,,,,,,,,,,,,,,,,,,,,,,,,,,,,,,,,,,,0,0,,,,0
,Washington County,NC,USA,35.840892999999994,-76.6003345,11859,,,https://opendata.arcgis.com/datasets/969678bce431494a8f64d7faade6e5b8_0.csv,,,,,,,,,,,,,,,,,,,,,,,,,,,,,,,,,,,,,,,,,,,,,,,,,,,,0,0,,,,0
,Burke County,NC,USA,35.7791955,-81.675545,90382,,,https://opendata.arcgis.com/datasets/969678bce431494a8f64d7faade6e5b8_0.csv,,,,,,,,,,,,,,,,,,,,,,,,,,,,,,,,,,,,,,,,,,,,,,,,,,,,0,0,,,,0
,Davidson County,NC,USA,35.765553499999996,-80.2652875,166614,,,https://opendata.arcgis.com/datasets/969678bce431494a8f64d7faade6e5b8_0.csv,,,,,,,,,,,,,,,,,,,,,,,,,,,,,,,,,,,,,,,,,,,,,,,,,,,,0,0,,,,0
,McDowell County,NC,USA,35.738724500000004,-82.0594425,45507,,,https://opendata.arcgis.com/datasets/969678bce431494a8f64d7faade6e5b8_0.csv,,,,,,,,,,,,,,,,,,,,,,,,,,,,,,,,,,,,,,,,,,,,,,,,,,,,0,0,,,,0
,Chatham County,NC,USA,35.6959365,-79.231033,73139,,,https://opendata.arcgis.com/datasets/969678bce431494a8f64d7faade6e5b8_0.csv,,,,,,,,,,,,,,,,,,,,,,,,,,,,,,,,,,,,,,,,,,,,,,,,,,,,1,1,,,,3
,Wilson County,NC,USA,35.7253325,-77.926691,81455,,,https://opendata.arcgis.com/datasets/969678bce431494a8f64d7faade6e5b8_0.csv,,,,,,,,,,,,,,,,,,,,,,,,,,,,,,,,,,,,,,,,,,,,,,,,,,,,0,0,,,,1
,Buncombe County,NC,USA,35.620303,-82.5263415,259103,,,https://opendata.arcgis.com/datasets/969678bce431494a8f64d7faade6e5b8_0.csv,,,,,,,,,,,,,,,,,,,,,,,,,,,,,,,,,,,,,,,,,,,,,,,,,,,,0,0,,,,0
,Haywood County,NC,USA,35.5418605,-83.000247,61971,,,https://opendata.arcgis.com/datasets/969678bce431494a8f64d7faade6e5b8_0.csv,,,,,,,,,,,,,,,,,,,,,,,,,,,,,,,,,,,,,,,,,,,,,,,,,,,,0,0,,,,0
,Catawba County,NC,USA,35.6878485,-81.22916649999999,158652,,,https://opendata.arcgis.com/datasets/969678bce431494a8f64d7faade6e5b8_0.csv,,,,,,,,,,,,,,,,,,,,,,,,,,,,,,,,,,,,,,,,,,,,,,,,,,,,0,0,,,,0
,Pitt County,NC,USA,35.580454,-77.392609,179914,,,https://opendata.arcgis.com/datasets/969678bce431494a8f64d7faade6e5b8_0.csv,,,,,,,,,,,,,,,,,,,,,,,,,,,,,,,,,,,,,,,,,,,,,,,,,,,,0,0,,,,0
,Johnston County,NC,USA,35.537085,-78.386616,202675,,,https://opendata.arcgis.com/datasets/969678bce431494a8f64d7faade6e5b8_0.csv,,,,,,,,,,,,,,,,,,,,,,,,,,,,,,,,,,,,,,,,,,,,,,,,,,,,1,1,,,,2
,Swain County,NC,USA,35.4877375,-83.554631,14245,,,https://opendata.arcgis.com/datasets/969678bce431494a8f64d7faade6e5b8_0.csv,,,,,,,,,,,,,,,,,,,,,,,,,,,,,,,,,,,,,,,,,,,,,,,,,,,,0,0,,,,0
,Beaufort County,NC,USA,35.477776000000006,-76.83147650000001,47079,,,https://opendata.arcgis.com/datasets/969678bce431494a8f64d7faade6e5b8_0.csv,,,,,,,,,,,,,,,,,,,,,,,,,,,,,,,,,,,,,,,,,,,,,,,,,,,,0,0,,,,0
,Hyde County,NC,USA,35.383544,-76.19371849999999,5230,,,https://opendata.arcgis.com/datasets/969678bce431494a8f64d7faade6e5b8_0.csv,,,,,,,,,,,,,,,,,,,,,,,,,,,,,,,,,,,,,,,,,,,,,,,,,,,,0,0,,,,0
,Greene County,NC,USA,35.500008,-77.6507765,21012,,,https://opendata.arcgis.com/datasets/969678bce431494a8f64d7faade6e5b8_0.csv,,,,,,,,,,,,,,,,,,,,,,,,,,,,,,,,,,,,,,,,,,,,,,,,,,,,0,0,,,,0
,Rutherford County,NC,USA,35.395423,-81.985972,66826,,,https://opendata.arcgis.com/datasets/969678bce431494a8f64d7faade6e5b8_0.csv,,,,,,,,,,,,,,,,,,,,,,,,,,,,,,,,,,,,,,,,,,,,,,,,,,,,0,0,,,,0
,Lee County,NC,USA,35.467607,-79.16466,61452,,,https://opendata.arcgis.com/datasets/969678bce431494a8f64d7faade6e5b8_0.csv,,,,,,,,,,,,,,,,,,,,,,,,,,,,,,,,,,,,,,,,,,,,,,,,,,,,0,0,,,,0
,Cleveland County,NC,USA,35.371596499999995,-81.54468800000001,97645,,,https://opendata.arcgis.com/datasets/969678bce431494a8f64d7faade6e5b8_0.csv,,,,,,,,,,,,,,,,,,,,,,,,,,,,,,,,,,,,,,,,,,,,,,,,,,,,0,0,,,,0
,Jackson County,NC,USA,35.26292,-83.1417865,43327,,,https://opendata.arcgis.com/datasets/969678bce431494a8f64d7faade6e5b8_0.csv,,,,,,,,,,,,,,,,,,,,,,,,,,,,,,,,,,,,,,,,,,,,,,,,,,,,0,0,,,,0
,Harnett County,NC,USA,35.3876225,-78.87648899999999,134214,,,https://opendata.arcgis.com/datasets/969678bce431494a8f64d7faade6e5b8_0.csv,,,,,,,,,,,,,,,,,,,,,,,,,,,,,,,,,,,,,,,,,,,,,,,,,,,,0,1,,,,4
,Graham County,NC,USA,35.342066,-83.810297,8484,,,https://opendata.arcgis.com/datasets/969678bce431494a8f64d7faade6e5b8_0.csv,,,,,,,,,,,,,,,,,,,,,,,,,,,,,,,,,,,,,,,,,,,,,,,,,,,,0,0,,,,0
,Henderson County,NC,USA,35.322029,-82.5033325,116748,,,https://opendata.arcgis.com/datasets/969678bce431494a8f64d7faade6e5b8_0.csv,,,,,,,,,,,,,,,,,,,,,,,,,,,,,,,,,,,,,,,,,,,,,,,,,,,,0,0,,,,0
,Moore County,NC,USA,35.2805435,-79.43270749999999,98682,,,https://opendata.arcgis.com/datasets/969678bce431494a8f64d7faade6e5b8_0.csv,,,,,,,,,,,,,,,,,,,,,,,,,,,,,,,,,,,,,,,,,,,,,,,,,,,,0,0,,,,0
,Montgomery County,NC,USA,35.324289,-79.898494,27271,,,https://opendata.arcgis.com/datasets/969678bce431494a8f64d7faade6e5b8_0.csv,,,,,,,,,,,,,,,,,,,,,,,,,,,,,,,,,,,,,,,,,,,,,,,,,,,,0,0,,,,0
,Stanly County,NC,USA,35.323707999999996,-80.278733,62075,,,https://opendata.arcgis.com/datasets/969678bce431494a8f64d7faade6e5b8_0.csv,,,,,,,,,,,,,,,,,,,,,,,,,,,,,,,,,,,,,,,,,,,,,,,,,,,,0,0,,,,0
,Transylvania County,NC,USA,35.2252595,-82.815485,34215,,,https://opendata.arcgis.com/datasets/969678bce431494a8f64d7faade6e5b8_0.csv,,,,,,,,,,,,,,,,,,,,,,,,,,,,,,,,,,,,,,,,,,,,,,,,,,,,0,0,,,,0
,Polk County,NC,USA,35.296185,-82.1603345,20611,,,https://opendata.arcgis.com/datasets/969678bce431494a8f64d7faade6e5b8_0.csv,,,,,,,,,,,,,,,,,,,,,,,,,,,,,,,,,,,,,,,,,,,,,,,,,,,,0,0,,,,0
,Lenoir County,NC,USA,35.2174715,-77.6126075,55976,,,https://opendata.arcgis.com/datasets/969678bce431494a8f64d7faade6e5b8_0.csv,,,,,,,,,,,,,,,,,,,,,,,,,,,,,,,,,,,,,,,,,,,,,,,,,,,,0,0,,,,0
,Craven County,NC,USA,35.110855,-77.063318,102912,,,https://opendata.arcgis.com/datasets/969678bce431494a8f64d7faade6e5b8_0.csv,,,,,,,,,,,,,,,,,,,,,,,,,,,,,,,,,,,,,,,,,,,,,,,,,,,,0,1,,,,1
,Macon County,NC,USA,35.162244,-83.42341,35285,,,https://opendata.arcgis.com/datasets/969678bce431494a8f64d7faade6e5b8_0.csv,,,,,,,,,,,,,,,,,,,,,,,,,,,,,,,,,,,,,,,,,,,,,,,,,,,,0,0,,,,0
,Cherokee County,NC,USA,35.139748499999996,-84.0097475,28383,,,https://opendata.arcgis.com/datasets/969678bce431494a8f64d7faade6e5b8_0.csv,,,,,,,,,,,,,,,,,,,,,,,,,,,,,,,,,,,,,,,,,,,,,,,,,,,,0,0,,,,0
,Pamlico County,NC,USA,35.1507535,-76.72772499999999,12670,,,https://opendata.arcgis.com/datasets/969678bce431494a8f64d7faade6e5b8_0.csv,,,,,,,,,,,,,,,,,,,,,,,,,,,,,,,,,,,,,,,,,,,,,,,,,,,,0,0,,,,0
,Sampson County,NC,USA,34.9345395,-78.3926405,63626,,,https://opendata.arcgis.com/datasets/969678bce431494a8f64d7faade6e5b8_0.csv,,,,,,,,,,,,,,,,,,,,,,,,,,,,,,,,,,,,,,,,,,,,,,,,,,,,0,0,,,,1
,Cumberland County,NC,USA,35.0502155,-78.8038205,332330,,,https://opendata.arcgis.com/datasets/969678bce431494a8f64d7faade6e5b8_0.csv,,,,,,,,,,,,,,,,,,,,,,,,,,,,,,,,,,,,,,,,,,,,,,,,,,,,0,0,,,,0
,Clay County,NC,USA,35.0712515,-83.7441825,11139,,,https://opendata.arcgis.com/datasets/969678bce431494a8f64d7faade6e5b8_0.csv,,,,,,,,,,,,,,,,,,,,,,,,,,,,,,,,,,,,,,,,,,,,,,,,,,,,0,0,,,,0
,Jones County,NC,USA,35.014189,-77.39021650000001,9637,,,https://opendata.arcgis.com/datasets/969678bce431494a8f64d7faade6e5b8_0.csv,,,,,,,,,,,,,,,,,,,,,,,,,,,,,,,,,,,,,,,,,,,,,,,,,,,,0,0,,,,0
,Carteret County,NC,USA,34.832848999999996,-76.60086799999999,69524,,,https://opendata.arcgis.com/datasets/969678bce431494a8f64d7faade6e5b8_0.csv,,,,,,,,,,,,,,,,,,,,,,,,,,,,,,,,,,,,,,,,,,,,,,,,,,,,0,0,,,,0
,Union County,NC,USA,35.0112285,-80.5587175,235908,,,https://opendata.arcgis.com/datasets/969678bce431494a8f64d7faade6e5b8_0.csv,,,,,,,,,,,,,,,,,,,,,,,,,,,,,,,,,,,,,,,,,,,,,,,,,,,,0,0,,,,0
,Anson County,NC,USA,35.008912,-80.0844735,24877,,,https://opendata.arcgis.com/datasets/969678bce431494a8f64d7faade6e5b8_0.csv,,,,,,,,,,,,,,,,,,,,,,,,,,,,,,,,,,,,,,,,,,,,,,,,,,,,0,0,,,,0
,Hoke County,NC,USA,35.02319,-79.24694550000001,54764,,,https://opendata.arcgis.com/datasets/969678bce431494a8f64d7faade6e5b8_0.csv,,,,,,,,,,,,,,,,,,,,,,,,,,,,,,,,,,,,,,,,,,,,,,,,,,,,0,0,,,,0
,Duplin County,NC,USA,34.9501105,-77.9257305,58856,,,https://opendata.arcgis.com/datasets/969678bce431494a8f64d7faade6e5b8_0.csv,,,,,,,,,,,,,,,,,,,,,,,,,,,,,,,,,,,,,,,,,,,,,,,,,,,,0,0,,,,0
,Richmond County,NC,USA,34.99408,-79.76728299999999,44887,,,https://opendata.arcgis.com/datasets/969678bce431494a8f64d7faade6e5b8_0.csv,,,,,,,,,,,,,,,,,,,,,,,,,,,,,,,,,,,,,,,,,,,,,,,,,,,,0,0,,,,0
,Scotland County,NC,USA,34.836764,-79.5119535,34810,,,https://opendata.arcgis.com/datasets/969678bce431494a8f64d7faade6e5b8_0.csv,,,,,,,,,,,,,,,,,,,,,,,,,,,,,,,,,,,,,,,,,,,,,,,,,,,,0,0,,,,0
,Onslow County,NC,USA,34.712451,-77.3899735,197683,,,https://opendata.arcgis.com/datasets/969678bce431494a8f64d7faade6e5b8_0.csv,,,,,,,,,,,,,,,,,,,,,,,,,,,,,,,,,,,,,,,,,,,,,,,,,,,,0,1,,,,1
,Robeson County,NC,USA,34.626412,-79.133749,131831,,,https://opendata.arcgis.com/datasets/969678bce431494a8f64d7faade6e5b8_0.csv,,,,,,,,,,,,,,,,,,,,,,,,,,,,,,,,,,,,,,,,,,,,,,,,,,,,0,0,,,,0
,Bladen County,NC,USA,34.611776500000005,-78.5427315,33190,,,https://opendata.arcgis.com/datasets/969678bce431494a8f64d7faade6e5b8_0.csv,,,,,,,,,,,,,,,,,,,,,,,,,,,,,,,,,,,,,,,,,,,,,,,,,,,,0,0,,,,0
,Pender County,NC,USA,34.512526,-77.894035,62162,,,https://opendata.arcgis.com/datasets/969678bce431494a8f64d7faade6e5b8_0.csv,,,,,,,,,,,,,,,,,,,,,,,,,,,,,,,,,,,,,,,,,,,,,,,,,,,,0,0,,,,0
,Columbus County,NC,USA,34.2134885,-78.6167595,55655,,,https://opendata.arcgis.com/datasets/969678bce431494a8f64d7faade6e5b8_0.csv,,,,,,,,,,,,,,,,,,,,,,,,,,,,,,,,,,,,,,,,,,,,,,,,,,,,0,0,,,,0
,New Hanover County,NC,USA,34.15828500000001,-77.872919,232274,,,https://opendata.arcgis.com/datasets/969678bce431494a8f64d7faade6e5b8_0.csv,,,,,,,,,,,,,,,,,,,,,,,,,,,,,,,,,,,,,,,,,,,,,,,,,,,,0,0,,,,0
,Brunswick County,NC,USA,34.1056615,-78.292874,136744,,,https://opendata.arcgis.com/datasets/969678bce431494a8f64d7faade6e5b8_0.csv,,,,,,,,,,,,,,,,,,,,,,,,,,,,,,,,,,,,,,,,,,,,,,,,,,,,0,1,,,,1
,Iredell County,NC,USA,35.7732565,-80.901307,178435,,,https://opendata.arcgis.com/datasets/969678bce431494a8f64d7faade6e5b8_0.csv,,,,,,,,,,,,,,,,,,,,,,,,,,,,,,,,,,,,,,,,,,,,,,,,,,,,0,0,,,,1
,Rowan County,NC,USA,35.6830585,-80.47710000000001,141262,,,https://opendata.arcgis.com/datasets/969678bce431494a8f64d7faade6e5b8_0.csv,,,,,,,,,,,,,,,,,,,,,,,,,,,,,,,,,,,,,,,,,,,,,,,,,,,,0,0,,,,0
,Lincoln County,NC,USA,35.484821999999994,-81.24025,83770,,,https://opendata.arcgis.com/datasets/969678bce431494a8f64d7faade6e5b8_0.csv,,,,,,,,,,,,,,,,,,,,,,,,,,,,,,,,,,,,,,,,,,,,,,,,,,,,0,0,,,,1
,Mecklenburg County,NC,USA,35.2583695,-80.804163,1093901,,,https://opendata.arcgis.com/datasets/969678bce431494a8f64d7faade6e5b8_0.csv,,,,,,,,,,,,,,,,,,,,,,,,,,,,,,,,,,,,,,,,,,,,,,,,,,,,1,1,,,,11
,Cabarrus County,NC,USA,35.3456055,-80.541589,211342,,,https://opendata.arcgis.com/datasets/969678bce431494a8f64d7faade6e5b8_0.csv,,,,,,,,,,,,,,,,,,,,,,,,,,,,,,,,,,,,,,,,,,,,,,,,,,,,1,1,,,,1
,Gaston County,NC,USA,35.284431999999995,-81.1896935,222846,,,https://opendata.arcgis.com/datasets/969678bce431494a8f64d7faade6e5b8_0.csv,,,,,,,,,,,,,,,,,,,,,,,,,,,,,,,,,,,,,,,,,,,,,,,,,,,,0,0,,,,0
,Atlantic County,NJ,USA,39.509258,-74.6437035,265429,,,https://opendata.arcgis.com/datasets/8840fd8ac1314f5188e6cf98b525321c_0.csv,,,,,,,,,,,,,,,,,,,,,,,,,,,,,,,,,,,,,,,,,,,,,,,,,,,,0,0,,,,3
,Bergen County,NJ,USA,40.952146,-74.08225,936692,,,https://opendata.arcgis.com/datasets/8840fd8ac1314f5188e6cf98b525321c_0.csv,,,,,,,,,,,,,,,,,,,,,,,,,,,,,,,,,,,,,,,,,,,,,,,,,,,,17,25,,,,114
,Burlington County,NJ,USA,39.8658955,-74.72494950000001,445384,,,https://opendata.arcgis.com/datasets/8840fd8ac1314f5188e6cf98b525321c_0.csv,,,,,,,,,,,,,,,,,,,,,,,,,,,,,,,,,,,,,,,,,,,,,,,,,,,,3,3,,,,10
,Camden County,NJ,USA,39.800549000000004,-74.9381575,507078,,,https://opendata.arcgis.com/datasets/8840fd8ac1314f5188e6cf98b525321c_0.csv,,,,,,,,,,,,,,,,,,,,,,,,,,,,,,,,,,,,,,,,,,,,,,,,,,,,1,2,,,,8
,Cape May County,NJ,USA,39.1261435,-74.756719,92560,,,https://opendata.arcgis.com/datasets/8840fd8ac1314f5188e6cf98b525321c_0.csv,,,,,,,,,,,,,,,,,,,,,,,,,,,,,,,,,,,,,,,,,,,,,,,,,,,,0,0,,,,0
,Cumberland County,NJ,USA,39.373098,-75.135421,150972,,,https://opendata.arcgis.com/datasets/8840fd8ac1314f5188e6cf98b525321c_0.csv,,,,,,,,,,,,,,,,,,,,,,,,,,,,,,,,,,,,,,,,,,,,,,,,,,,,0,0,,,,0
,Essex County,NJ,USA,40.7914715,-74.24515199999999,799767,,,https://opendata.arcgis.com/datasets/8840fd8ac1314f5188e6cf98b525321c_0.csv,,,,,,,,,,,,,,,,,,,,,,,,,,,,,,,,,,,,,,,,,,,,,,,,,,,,5,7,,,,45
,Gloucester County,NJ,USA,39.7016335,-75.15904900000001,291408,,,https://opendata.arcgis.com/datasets/8840fd8ac1314f5188e6cf98b525321c_0.csv,,,,,,,,,,,,,,,,,,,,,,,,,,,,,,,,,,,,,,,,,,,,,,,,,,,,0,0,,,,2
,Hudson County,NJ,USA,40.732721999999995,-74.07540449999999,676061,,,https://opendata.arcgis.com/datasets/8840fd8ac1314f5188e6cf98b525321c_0.csv,,,,,,,,,,,,,,,,,,,,,,,,,,,,,,,,,,,,,,,,,,,,,,,,,,,,3,5,,,,34
,Hunterdon County,NJ,USA,40.5647375,-74.9494015,124714,,,https://opendata.arcgis.com/datasets/8840fd8ac1314f5188e6cf98b525321c_0.csv,,,,,,,,,,,,,,,,,,,,,,,,,,,,,,,,,,,,,,,,,,,,,,,,,,,,0,0,,,,6
,Mercer County,NJ,USA,40.280848500000005,-74.7122715,369811,,,https://opendata.arcgis.com/datasets/8840fd8ac1314f5188e6cf98b525321c_0.csv,,,,,,,,,,,,,,,,,,,,,,,,,,,,,,,,,,,,,,,,,,,,,,,,,,,,0,1,,,,15
,Monmouth County,NJ,USA,40.2778005,-74.2928135,621354,,,https://opendata.arcgis.com/datasets/8840fd8ac1314f5188e6cf98b525321c_0.csv,,,,,,,,,,,,,,,,,,,,,,,,,,,,,,,,,,,,,,,,,,,,,,,,,,,,7,8,,,,32
,Ocean County,NJ,USA,39.835446000000005,-74.29221150000001,601651,,,https://opendata.arcgis.com/datasets/8840fd8ac1314f5188e6cf98b525321c_0.csv,,,,,,,,,,,,,,,,,,,,,,,,,,,,,,,,,,,,,,,,,,,,,,,,,,,,1,1,,,,8
,Passaic County,NJ,USA,41.0114805,-74.304839,503310,,,https://opendata.arcgis.com/datasets/8840fd8ac1314f5188e6cf98b525321c_0.csv,,,,,,,,,,,,,,,,,,,,,,,,,,,,,,,,,,,,,,,,,,,,,,,,,,,,2,2,,,,18
,Salem County,NJ,USA,39.5848515,-75.31079349999999,62607,,,https://opendata.arcgis.com/datasets/8840fd8ac1314f5188e6cf98b525321c_0.csv,,,,,,,,,,,,,,,,,,,,,,,,,,,,,,,,,,,,,,,,,,,,,,,,,,,,0,0,,,,0
,Somerset County,NJ,USA,40.566201,-74.5998835,331164,,,https://opendata.arcgis.com/datasets/8840fd8ac1314f5188e6cf98b525321c_0.csv,,,,,,,,,,,,,,,,,,,,,,,,,,,,,,,,,,,,,,,,,,,,,,,,,,,,1,1,,,,16
,Sussex County,NJ,USA,41.128282,-74.678832,140799,,,https://opendata.arcgis.com/datasets/8840fd8ac1314f5188e6cf98b525321c_0.csv,,,,,,,,,,,,,,,,,,,,,,,,,,,,,,,,,,,,,,,,,,,,,,,,,,,,0,0,,,,0
,Union County,NJ,USA,40.665566,-74.300027,558067,,,https://opendata.arcgis.com/datasets/8840fd8ac1314f5188e6cf98b525321c_0.csv,,,,,,,,,,,,,,,,,,,,,,,,,,,,,,,,,,,,,,,,,,,,,,,,,,,,1,1,,,,26
,Warren County,NJ,USA,40.8430415,-74.985897,105779,,,https://opendata.arcgis.com/datasets/8840fd8ac1314f5188e6cf98b525321c_0.csv,,,,,,,,,,,,,,,,,,,,,,,,,,,,,,,,,,,,,,,,,,,,,,,,,,,,0,0,,,,1
,Morris County,NJ,USA,40.867802999999995,-74.5802275,494228,,,https://opendata.arcgis.com/datasets/8840fd8ac1314f5188e6cf98b525321c_0.csv,,,,,,,,,,,,,,,,,,,,,,,,,,,,,,,,,,,,,,,,,,,,,,,,,,,,3,3,,,,19
,Middlesex County,NJ,USA,40.430130500000004,-74.41841600000001,829685,,,https://opendata.arcgis.com/datasets/8840fd8ac1314f5188e6cf98b525321c_0.csv,,,,,,,,,,,,,,,,,,,,,,,,,,,,,,,,,,,,,,,,,,,,,,,,,,,,3,10,,,,40
,,British Columbia,Canada,54.15716767014678,-126.56202337499991,5071000,,,https://www.canada.ca/en/public-health/services/diseases/2019-novel-coronavirus-infection.html,,,,,,,,,,,,,,,,,,,,,,,,,,,,,,,,,,,,,,,,,,,,,,,,,,,,53,64,,,,186
,,Alberta,Canada,54.49628672664678,-115.00016854279502,4067175,,,https://www.canada.ca/en/public-health/services/diseases/2019-novel-coronavirus-infection.html,,,,,,,,,,,,,,,,,,,,,,,,,,,,,,,,,,,,,,,,,,,,,,,,,,,,23,29,,,,97
,,Saskatchewan,Canada,54.496338403094796,-105.6821561755884,1098352,,,https://www.canada.ca/en/public-health/services/diseases/2019-novel-coronavirus-infection.html,,,,,,,,,,,,,,,,,,,,,,,,,,,,,,,,,,,,,,,,,,,,,,,,,,,,0,0,,,,2
,,Manitoba,Canada,54.496368513369816,-95.4742987434922,1278365,,,https://www.canada.ca/en/public-health/services/diseases/2019-novel-coronavirus-infection.html,,,,,,,,,,,,,,,,,,,,,,,,,,,,,,,,,,,,,,,,,,,,,,,,,,,,1,1,,,,8
,,Ontario,Canada,49.26501413726137,-84.7533750036988,13448494,,,https://www.canada.ca/en/public-health/services/diseases/2019-novel-coronavirus-infection.html,,,,,,,,,,,,,,,,,,,,,,,,,,,,,,,,,,,,,,,,,,,,,,,,,,,,79,79,,,,189
,,Quebec,Canada,53.79378896700006,-68.38833574149993,8164361,,,https://www.canada.ca/en/public-health/services/diseases/2019-novel-coronavirus-infection.html,,,,,,,,,,,,,,,,,,,,,,,,,,,,,,,,,,,,,,,,,,,,,,,,,,,,17,17,,,,74
,,New Brunswick,Canada,46.36274594300005,-66.43830941249992,747101,,,https://www.canada.ca/en/public-health/services/diseases/2019-novel-coronavirus-infection.html,,,,,,,,,,,,,,,,,,,,,,,,,,,,,,,,,,,,,,,,,,,,,,,,,,,,1,1,,,,2
,Copiah County,MS,USA,,,,,,"https://msdh.ms.gov/msdhsite/_static/14,0,420.html",,,,,,,,,,,,,,,,,,,,,,,,,,,,,,,,,,,,,,,,,,,,,,,,,,,,1,1,,,,
,Pearl River County,MS,USA,,,,,,"https://msdh.ms.gov/msdhsite/_static/14,0,420.html",,,,,,,,,,,,,,,,,,,,,,,,,,,,,,,,,,,,,,,,,,,,,,,,,,,,1,1,,,,
,Leflore County,MS,USA,,,,,,"https://msdh.ms.gov/msdhsite/_static/14,0,420.html",,,,,,,,,,,,,,,,,,,,,,,,,,,,,,,,,,,,,,,,,,,,,,,,,,,,1,1,,,,
,Forrest County,MS,USA,,,,,,"https://msdh.ms.gov/msdhsite/_static/14,0,420.html",,,,,,,,,,,,,,,,,,,,,,,,,,,,,,,,,,,,,,,,,,,,,,,,,,,,3,3,,,,
,,DC,USA,,,,,,https://coronavirus.dc.gov/page/coronavirus-data,,,,,,,,,,,,,,,,,,,,,,,,,,,,,,,,,,,,,,,,,,,,,,,,,,,,10,10,,,,0
,Elmore County,AL,USA,32.5876855,-86.13298,81887,,,http://www.alabamapublichealth.gov/infectiousdiseases/2019-coronavirus.html,,,,,,,,,,,,,,,,,,,,,,,,,,,,,,,,,,,,,,,,,,,,,,,,,,,,0,0,,,,2
,Jefferson County,AL,USA,33.544622000000004,-86.92924049999999,659300,,,http://www.alabamapublichealth.gov/infectiousdiseases/2019-coronavirus.html,,,,,,,,,,,,,,,,,,,,,,,,,,,,,,,,,,,,,,,,,,,,,,,,,,,,0,0,,,,23
,Limestone County,AL,USA,34.774907,-87.030965,96174,,,http://www.alabamapublichealth.gov/infectiousdiseases/2019-coronavirus.html,,,,,,,,,,,,,,,,,,,,,,,,,,,,,,,,,,,,,,,,,,,,,,,,,,,,0,0,,,,1
,Montgomery County,AL,USA,32.2330785,-86.2080335,225763,,,http://www.alabamapublichealth.gov/infectiousdiseases/2019-coronavirus.html,,,,,,,,,,,,,,,,,,,,,,,,,,,,,,,,,,,,,,,,,,,,,,,,,,,,0,0,,,,2
,Tuscaloosa County,AL,USA,33.306606,-87.4532105,208911,,,http://www.alabamapublichealth.gov/infectiousdiseases/2019-coronavirus.html,,,,,,,,,,,,,,,,,,,,,,,,,,,,,,,,,,,,,,,,,,,,,,,,,,,,0,0,,,,3
,Clackamas County,OR,USA,45.1737,-122.26009400000001,416075,,,https://www.oregon.gov/oha/PH/DISEASESCONDITIONS/DISEASESAZ/Pages/emerging-respiratory-infections.aspx,,,,,,,,,,,,,,,,,,,,,,,,,,,,,,,,,,,,,,,,,,,,,,,,,,,,1,1,,,,6
,Deschutes County,OR,USA,44.001645499999995,-120.94952,191996,,,https://www.oregon.gov/oha/PH/DISEASESCONDITIONS/DISEASESAZ/Pages/emerging-respiratory-infections.aspx,,,,,,,,,,,,,,,,,,,,,,,,,,,,,,,,,,,,,,,,,,,,,,,,,,,,1,1,,,,6
,Douglas County,OR,USA,43.3222345,-123.0963585,110283,,,https://www.oregon.gov/oha/PH/DISEASESCONDITIONS/DISEASESAZ/Pages/emerging-respiratory-infections.aspx,,,,,,,,,,,,,,,,,,,,,,,,,,,,,,,,,,,,,,,,,,,,,,,,,,,,1,1,,,,1
,Jackson County,OR,USA,42.4995805,-122.756742,219564,,,https://www.oregon.gov/oha/PH/DISEASESCONDITIONS/DISEASESAZ/Pages/emerging-respiratory-infections.aspx,,,,,,,,,,,,,,,,,,,,,,,,,,,,,,,,,,,,,,,,,,,,,,,,,,,,2,2,,,,2
,Klamath County,OR,USA,42.804975999999996,-121.58491599999999,67653,,,https://www.oregon.gov/oha/PH/DISEASESCONDITIONS/DISEASESAZ/Pages/emerging-respiratory-infections.aspx,,,,,,,,,,,,,,,,,,,,,,,,,,,,,,,,,,,,,,,,,,,,,,,,,,,,1,1,,,,1
,Linn County,OR,USA,44.496468,-122.5272075,127335,,,https://www.oregon.gov/oha/PH/DISEASESCONDITIONS/DISEASESAZ/Pages/emerging-respiratory-infections.aspx,,,,,,,,,,,,,,,,,,,,,,,,,,,,,,,,,,,,,,,,,,,,,,,,,,,,8,8,,,,15
,Marion County,OR,USA,44.984239,-122.4575375,346868,,,https://www.oregon.gov/oha/PH/DISEASESCONDITIONS/DISEASESAZ/Pages/emerging-respiratory-infections.aspx,,,,,,,,,,,,,,,,,,,,,,,,,,,,,,,,,,,,,,,,,,,,,,,,,,,,2,2,,,,8
,Multnomah County,OR,USA,45.580658,-122.374808,811880,,,https://www.oregon.gov/oha/PH/DISEASESCONDITIONS/DISEASESAZ/Pages/emerging-respiratory-infections.aspx,,,,,,,,,,,,,,,,,,,,,,,,,,,,,,,,,,,,,,,,,,,,,,,,,,,,1,1,,,,3
,Polk County,OR,USA,44.8977695,-123.38289850000001,85234,,,https://www.oregon.gov/oha/PH/DISEASESCONDITIONS/DISEASESAZ/Pages/emerging-respiratory-infections.aspx,,,,,,,,,,,,,,,,,,,,,,,,,,,,,,,,,,,,,,,,,,,,,,,,,,,,1,1,,,,1
,Umatilla County,OR,USA,45.4984405,-118.7037805,77516,,,https://www.oregon.gov/oha/PH/DISEASESCONDITIONS/DISEASESAZ/Pages/emerging-respiratory-infections.aspx,,,,,,,,,,,,,,,,,,,,,,,,,,,,,,,,,,,,,,,,,,,,,,,,,,,,2,2,,,,2
,Washington County,OR,USA,45.5483985,-123.114875,597695,,,https://www.oregon.gov/oha/PH/DISEASESCONDITIONS/DISEASESAZ/Pages/emerging-respiratory-infections.aspx,,,,,,,,,,,,,,,,,,,,,,,,,,,,,,,,,,,,,,,,,,,,,,,,,,,,10,10,,,,23
,Jefferson Parish,LA,USA,,,,,,http://ldh.la.gov/Coronavirus/,,,,,,,,,,,,,,,,,,,,,,,,,,,,,,,,,,,,,,,,,,,,,,,,,,,,3,,,,,
,Lafourche Parish,LA,USA,,,,,,http://ldh.la.gov/Coronavirus/,,,,,,,,,,,,,,,,,,,,,,,,,,,,,,,,,,,,,,,,,,,,,,,,,,,,1,,,,,
,Orleans Parish,LA,USA,,,,,,http://ldh.la.gov/Coronavirus/,,,,,,,,,,,,,,,,,,,,,,,,,,,,,,,,,,,,,,,,,,,,,,,,,,,,26,,,,,
,St. Bernard Parish,LA,USA,,,,,,http://ldh.la.gov/Coronavirus/,,,,,,,,,,,,,,,,,,,,,,,,,,,,,,,,,,,,,,,,,,,,,,,,,,,,1,,,,,
,St. Charles Parish,LA,USA,,,,,,http://ldh.la.gov/Coronavirus/,,,,,,,,,,,,,,,,,,,,,,,,,,,,,,,,,,,,,,,,,,,,,,,,,,,,1,,,,,
,St. Tammany Parish,LA,USA,,,,,,http://ldh.la.gov/Coronavirus/,,,,,,,,,,,,,,,,,,,,,,,,,,,,,,,,,,,,,,,,,,,,,,,,,,,,2,,,,,
,Terrebonne Parish,LA,USA,,,,,,http://ldh.la.gov/Coronavirus/,,,,,,,,,,,,,,,,,,,,,,,,,,,,,,,,,,,,,,,,,,,,,,,,,,,,1,,,,,
,Carroll County,IA,USA,,,,,,https://idph.iowa.gov/emerging-health-issues/novel-coronavirus,,,,,,,,,,,,,,,,,,,,,,,,,,,,,,,,,,,,,,,,,,,,,,,,,,,,1,,,,,
,Harrison County,IA,USA,,,,,,https://idph.iowa.gov/emerging-health-issues/novel-coronavirus,,,,,,,,,,,,,,,,,,,,,,,,,,,,,,,,,,,,,,,,,,,,,,,,,,,,1,,,,,
,Johnson County,IA,USA,,,,,,https://idph.iowa.gov/emerging-health-issues/novel-coronavirus,,,,,,,,,,,,,,,,,,,,,,,,,,,,,,,,,,,,,,,,,,,,,,,,,,,,14,,,,,
,Pottawattamie County,IA,USA,,,,,,https://idph.iowa.gov/emerging-health-issues/novel-coronavirus,,,,,,,,,,,,,,,,,,,,,,,,,,,,,,,,,,,,,,,,,,,,,,,,,,,,1,,,,,
,Bell County,TX,USA,,,,,,https://www.dshs.state.tx.us/news/updates.shtm,,,,,,,,,,,,,,,,,,,,,,,,,,,,,,,,,,,,,,,,,,,,,,,,,,,,1,1,,,,
,Collin County,TX,USA,,,,,,https://www.dshs.state.tx.us/news/updates.shtm,,,,,,,,,,,,,,,,,,,,,,,,,,,,,,,,,,,,,,,,,,,,,,,,,,,,6,5,,,,
,Dallas County,TX,USA,,,,,,https://www.dshs.state.tx.us/news/updates.shtm,,,,,,,,,,,,,,,,,,,,,,,,,,,,,,,,,,,,,,,,,,,,,,,,,,,,7,8,,,,
,Fort Bend County,TX,USA,,,,,,https://www.dshs.state.tx.us/news/updates.shtm,,,,,,,,,,,,,,,,,,,,,,,,,,,,,,,,,,,,,,,,,,,,,,,,,,,,6,9,,,,
,Gregg County,TX,USA,,,,,,https://www.dshs.state.tx.us/news/updates.shtm,,,,,,,,,,,,,,,,,,,,,,,,,,,,,,,,,,,,,,,,,,,,,,,,,,,,1,4,,,,
,Harris County,TX,USA,,,,,,https://www.dshs.state.tx.us/news/updates.shtm,,,,,,,,,,,,,,,,,,,,,,,,,,,,,,,,,,,,,,,,,,,,,,,,,,,,9,10,,,,
,Montgomery County,TX,USA,,,,,,https://www.dshs.state.tx.us/news/updates.shtm,,,,,,,,,,,,,,,,,,,,,,,,,,,,,,,,,,,,,,,,,,,,,,,,,,,,3,3,,,,
,Smith County,TX,USA,,,,,,https://www.dshs.state.tx.us/news/updates.shtm,,,,,,,,,,,,,,,,,,,,,,,,,,,,,,,,,,,,,,,,,,,,,,,,,,,,3,3,,,,
,Tarrant County,TX,USA,,,,,,https://www.dshs.state.tx.us/news/updates.shtm,,,,,,,,,,,,,,,,,,,,,,,,,,,,,,,,,,,,,,,,,,,,,,,,,,,,1,3,,,,
,Travis County,TX,USA,,,,,,https://www.dshs.state.tx.us/news/updates.shtm,,,,,,,,,,,,,,,,,,,,,,,,,,,,,,,,,,,,,,,,,,,,,,,,,,,,2,1,,,,
,New Castle County,DE,USA,,,,,,https://www.dhss.delaware.gov/dhss/dph/epi/2019novelcoronavirus.html,,,,,,,,,,,,,,,,,,,,,,,,,,,,,,,,,,,,,,,,,,,,,,,,,,,,4,6,,,,
,Kent County,DE,USA,,,,,,https://www.dhss.delaware.gov/dhss/dph/epi/2019novelcoronavirus.html,,,,,,,,,,,,,,,,,,,,,,,,,,,,,,,,,,,,,,,,,,,,,,,,,,,,0,0,,,,
,Sussex County,DE,USA,,,,,,https://www.dhss.delaware.gov/dhss/dph/epi/2019novelcoronavirus.html,,,,,,,,,,,,,,,,,,,,,,,,,,,,,,,,,,,,,,,,,,,,,,,,,,,,0,0,,,,
,Manatee County,FL,USA,,,,,,http://www.floridahealth.gov/diseases-and-conditions/COVID-19/index.html,,,,,,,,,,,,,,,,,,,,,,,,,,,,,,,,,,,,,,,,,,,,,,,,,,,,2,4,,,,
,Hillsborough County,FL,USA,,,,,,http://www.floridahealth.gov/diseases-and-conditions/COVID-19/index.html,,,,,,,,,,,,,,,,,,,,,,,,,,,,,,,,,,,,,,,,,,,,,,,,,,,,2,2,,,,
,Santa Rosa County,FL,USA,,,,,,http://www.floridahealth.gov/diseases-and-conditions/COVID-19/index.html,,,,,,,,,,,,,,,,,,,,,,,,,,,,,,,,,,,,,,,,,,,,,,,,,,,,1,1,,,,
,Broward County,FL,USA,,,,,,http://www.floridahealth.gov/diseases-and-conditions/COVID-19/index.html,,,,,,,,,,,,,,,,,,,,,,,,,,,,,,,,,,,,,,,,,,,,,,,,,,,,11,20,,,,
,Lee County,FL,USA,,,,,,http://www.floridahealth.gov/diseases-and-conditions/COVID-19/index.html,,,,,,,,,,,,,,,,,,,,,,,,,,,,,,,,,,,,,,,,,,,,,,,,,,,,4,4,,,,
,Charlotte County,FL,USA,,,,,,http://www.floridahealth.gov/diseases-and-conditions/COVID-19/index.html,,,,,,,,,,,,,,,,,,,,,,,,,,,,,,,,,,,,,,,,,,,,,,,,,,,,1,1,,,,
,Okaloosa County,FL,USA,,,,,,http://www.floridahealth.gov/diseases-and-conditions/COVID-19/index.html,,,,,,,,,,,,,,,,,,,,,,,,,,,,,,,,,,,,,,,,,,,,,,,,,,,,1,1,,,,
,Volusia County,FL,USA,,,,,,http://www.floridahealth.gov/diseases-and-conditions/COVID-19/index.html,,,,,,,,,,,,,,,,,,,,,,,,,,,,,,,,,,,,,,,,,,,,,,,,,,,,3,4,,,,
,Nassau County,FL,USA,,,,,,http://www.floridahealth.gov/diseases-and-conditions/COVID-19/index.html,,,,,,,,,,,,,,,,,,,,,,,,,,,,,,,,,,,,,,,,,,,,,,,,,,,,1,1,,,,
,Collier County,FL,USA,,,,,,http://www.floridahealth.gov/diseases-and-conditions/COVID-19/index.html,,,,,,,,,,,,,,,,,,,,,,,,,,,,,,,,,,,,,,,,,,,,,,,,,,,,3,3,,,,
,Pinellas County,FL,USA,,,,,,http://www.floridahealth.gov/diseases-and-conditions/COVID-19/index.html,,,,,,,,,,,,,,,,,,,,,,,,,,,,,,,,,,,,,,,,,,,,,,,,,,,,2,2,,,,
,Pasco County,FL,USA,,,,,,http://www.floridahealth.gov/diseases-and-conditions/COVID-19/index.html,,,,,,,,,,,,,,,,,,,,,,,,,,,,,,,,,,,,,,,,,,,,,,,,,,,,1,1,,,,
,Miami-Dade County,FL,USA,,,,,,http://www.floridahealth.gov/diseases-and-conditions/COVID-19/index.html,,,,,,,,,,,,,,,,,,,,,,,,,,,,,,,,,,,,,,,,,,,,,,,,,,,,2,8,,,,
,Seminole County,FL,USA,,,,,,http://www.floridahealth.gov/diseases-and-conditions/COVID-19/index.html,,,,,,,,,,,,,,,,,,,,,,,,,,,,,,,,,,,,,,,,,,,,,,,,,,,,1,1,,,,
,Palm Beach County,FL,USA,,,,,,http://www.floridahealth.gov/diseases-and-conditions/COVID-19/index.html,,,,,,,,,,,,,,,,,,,,,,,,,,,,,,,,,,,,,,,,,,,,,,,,,,,,2,5,,,,
,Sarasota County,FL,USA,,,,,,http://www.floridahealth.gov/diseases-and-conditions/COVID-19/index.html,,,,,,,,,,,,,,,,,,,,,,,,,,,,,,,,,,,,,,,,,,,,,,,,,,,,2,1,,,,
,Alachua County,FL,USA,,,,,,http://www.floridahealth.gov/diseases-and-conditions/COVID-19/index.html,,,,,,,,,,,,,,,,,,,,,,,,,,,,,,,,,,,,,,,,,,,,,,,,,,,,1,1,,,,
,Duval County,FL,USA,,,,,,http://www.floridahealth.gov/diseases-and-conditions/COVID-19/index.html,,,,,,,,,,,,,,,,,,,,,,,,,,,,,,,,,,,,,,,,,,,,,,,,,,,,1,1,,,,
,Clay County,FL,USA,,,,,,http://www.floridahealth.gov/diseases-and-conditions/COVID-19/index.html,,,,,,,,,,,,,,,,,,,,,,,,,,,,,,,,,,,,,,,,,,,,,,,,,,,,1,1,,,,
,Westchester County,NY,USA,,,,,,https://www.health.ny.gov/diseases/communicable/coronavirus/,,,,,,,,,,,,,,,,,,,,,,,,,,,,,,,,,,,,,,,,,,,,,,,,,,,,148,172,,,,
,Nassau County,NY,USA,,,,,,https://www.health.ny.gov/diseases/communicable/coronavirus/,,,,,,,,,,,,,,,,,,,,,,,,,,,,,,,,,,,,,,,,,,,,,,,,,,,,41,68,,,,
,Suffolk County,NY,USA,,,,,,https://www.health.ny.gov/diseases/communicable/coronavirus/,,,,,,,,,,,,,,,,,,,,,,,,,,,,,,,,,,,,,,,,,,,,,,,,,,,,20,33,,,,
,Rockland County,NY,USA,,,,,,https://www.health.ny.gov/diseases/communicable/coronavirus/,,,,,,,,,,,,,,,,,,,,,,,,,,,,,,,,,,,,,,,,,,,,,,,,,,,,7,10,,,,
,Saratoga County,NY,USA,,,,,,https://www.health.ny.gov/diseases/communicable/coronavirus/,,,,,,,,,,,,,,,,,,,,,,,,,,,,,,,,,,,,,,,,,,,,,,,,,,,,3,,,,,
,Ulster County,NY,USA,,,,,,https://www.health.ny.gov/diseases/communicable/coronavirus/,,,,,,,,,,,,,,,,,,,,,,,,,,,,,,,,,,,,,,,,,,,,,,,,,,,,4,5,,,,
,Orange County,NY,USA,,,,,,https://www.health.ny.gov/diseases/communicable/coronavirus/,,,,,,,,,,,,,,,,,,,,,,,,,,,,,,,,,,,,,,,,,,,,,,,,,,,,1,6,,,,
,Albany County,NY,USA,,,,,,https://www.health.ny.gov/diseases/communicable/coronavirus/,,,,,,,,,,,,,,,,,,,,,,,,,,,,,,,,,,,,,,,,,,,,,,,,,,,,1,3,,,,
,Monroe County,NY,USA,,,,,,https://www.health.ny.gov/diseases/communicable/coronavirus/,,,,,,,,,,,,,,,,,,,,,,,,,,,,,,,,,,,,,,,,,,,,,,,,,,,,1,2,,,,
,Dutchess County,NY,USA,,,,,,https://www.health.ny.gov/diseases/communicable/coronavirus/,,,,,,,,,,,,,,,,,,,,,,,,,,,,,,,,,,,,,,,,,,,,,,,,,,,,1,3,,,,
,Delaware County,NY,USA,,,,,,https://www.health.ny.gov/diseases/communicable/coronavirus/,,,,,,,,,,,,,,,,,,,,,,,,,,,,,,,,,,,,,,,,,,,,,,,,,,,,1,1,,,,
,Herkimer County,NY,USA,,,,,,https://www.health.ny.gov/diseases/communicable/coronavirus/,,,,,,,,,,,,,,,,,,,,,,,,,,,,,,,,,,,,,,,,,,,,,,,,,,,,1,1,,,,
,Broome County,NY,USA,,,,,,https://www.health.ny.gov/diseases/communicable/coronavirus/,,,,,,,,,,,,,,,,,,,,,,,,,,,,,,,,,,,,,,,,,,,,,,,,,,,,1,1,,,,
,New York City,NY,USA,,,,,,https://www.health.ny.gov/diseases/communicable/coronavirus/,,,,,,,,,,,,,,,,,,,,,,,,,,,,,,,,,,,,,,,,,,,,,,,,,,,,95,213,,,,
,Clark County,WA,USA,,,,,,https://www.doh.wa.gov/Emergencies/Coronavirus,,,,,,,,,,,,,,,,,,,,,,,,,,,,,,,,,,,,,,,,,,,,,,,,,,,,1,,,,,
,Columbia County,WA,USA,,,,,,https://www.doh.wa.gov/Emergencies/Coronavirus,,,,,,,,,,,,,,,,,,,,,,,,,,,,,,,,,,,,,,,,,,,,,,,,,,,,1,,,,,
,Grant County,WA,USA,,,,,,https://www.doh.wa.gov/Emergencies/Coronavirus,,,,,,,,,,,,,,,,,,,,,,,,,,,,,,,,,,,,,,,,,,,,,,,,,,,,1,,,,,
,Grays Harbor County,WA,USA,,,,,,https://www.doh.wa.gov/Emergencies/Coronavirus,,,,,,,,,,,,,,,,,,,,,,,,,,,,,,,,,,,,,,,,,,,,,,,,,,,,1,,,,,
,Island County,WA,USA,,,,,,https://www.doh.wa.gov/Emergencies/Coronavirus,,,,,,,,,,,,,,,,,,,,,,,,,,,,,,,,,,,,,,,,,,,,,,,,,,,,3,,,,,
,Jefferson County,WA,USA,,,,,,https://www.doh.wa.gov/Emergencies/Coronavirus,,,,,,,,,,,,,,,,,,,,,,,,,,,,,,,,,,,,,,,,,,,,,,,,,,,,1,,,,,
,King County,WA,USA,,,,,,https://www.doh.wa.gov/Emergencies/Coronavirus,,,,,,,,,,,,,,,,,,,,,,,,,,,,,,,,,,,,,,,,,,,,,,,,,,,,328,,,,,
,Kitsap County,WA,USA,,,,,,https://www.doh.wa.gov/Emergencies/Coronavirus,,,,,,,,,,,,,,,,,,,,,,,,,,,,,,,,,,,,,,,,,,,,,,,,,,,,3,,,,,
,Kittitas County,WA,USA,,,,,,https://www.doh.wa.gov/Emergencies/Coronavirus,,,,,,,,,,,,,,,,,,,,,,,,,,,,,,,,,,,,,,,,,,,,,,,,,,,,3,,,,,
,Pierce County,WA,USA,,,,,,https://www.doh.wa.gov/Emergencies/Coronavirus,,,,,,,,,,,,,,,,,,,,,,,,,,,,,,,,,,,,,,,,,,,,,,,,,,,,19,,,,,
,Skagit County,WA,USA,,,,,,https://www.doh.wa.gov/Emergencies/Coronavirus,,,,,,,,,,,,,,,,,,,,,,,,,,,,,,,,,,,,,,,,,,,,,,,,,,,,3,,,,,
,Snohomish County,WA,USA,,,,,,https://www.doh.wa.gov/Emergencies/Coronavirus,,,,,,,,,,,,,,,,,,,,,,,,,,,,,,,,,,,,,,,,,,,,,,,,,,,,133,,,,,
,Thurston County,WA,USA,,,,,,https://www.doh.wa.gov/Emergencies/Coronavirus,,,,,,,,,,,,,,,,,,,,,,,,,,,,,,,,,,,,,,,,,,,,,,,,,,,,1,,,,,
,Whatcom County,WA,USA,,,,,,https://www.doh.wa.gov/Emergencies/Coronavirus,,,,,,,,,,,,,,,,,,,,,,,,,,,,,,,,,,,,,,,,,,,,,,,,,,,,1,,,,,
,Yakima County,WA,USA,,,,,,https://www.doh.wa.gov/Emergencies/Coronavirus,,,,,,,,,,,,,,,,,,,,,,,,,,,,,,,,,,,,,,,,,,,,,,,,,,,,2,,,,,
,San Francisco County,CA,USA,37.7901875,-122.4356335,883305,,,https://www.sfdph.org/dph/alerts/coronavirus.asp,,,,,,,,,,,,,,,,,,,,,,,,,,,,,,,,,,,,,,,,,,,,,,,,,,,,21,28,,,,51
,San Mateo County,CA,USA,37.407824500000004,-122.30050299999999,769545,,,https://www.smchealth.org/coronavirus,,,,,,,,,,,,,,,,,,,,,,,,,,,,,,,,,,,,,,,,,,,,,,,,,,,,20,26,,,,80
,Alameda County,CA,USA,37.6801065,-121.9024445,1666753,,,http://www.acphd.org/2019-ncov.aspx,,,,,,,,,,,,,,,,,,,,,,,,,,,,,,,,,,,,,,,,,,,,,,,,,,,,0,0,,,,0
,Sonoma County,CA,USA,38.4810965,-122.946388,499942,,,https://socoemergency.org/emergency/novel-coronavirus/novel-coronavirus-in-sonoma-county/,,,,,,,,,,,,,,,,,,,,,,,,,,,,,,,,,,,,,,,,,,,,,,,,,,,,3,3,,,,8
,Santa Cruz County,CA,USA,37.0683515,-121.94941800000001,274255,,,http://www.santacruzhealth.org/HSAHome/HSADivisions/PublicHealth/CommunicableDiseaseControl/Coronavirus.aspx,,,,,,,,,,,,,,,,,,,,,,,,,,,,,,,,,,,,,,,,,,,,,,,,,,,,7,7,,,,0
,Solano County,CA,USA,38.2871145,-122.0001255,446610,,,http://www.solanocounty.com/depts/ph/coronavirus.asp,,,,,,,,,,,,,,,,,,,,,,,,,,,,,,,,,,,,,,,,,,,,,,,,,,,,6,6,,,,8
,Contra Costa County,CA,USA,37.9092535,-121.983341,1150215,,,https://www.coronavirus.cchealth.org/,,,,,,,,,,,,,,,,,,,,,,,,,,,,,,,,,,,,,,,,,,,,,,,,,,,,25,25,,,,39
,Stanislaus County,CA,USA,37.606097500000004,-120.937052,549815,,,http://www.schsa.org/PublicHealth/pages/corona-virus/,,,,,,,,,,,,,,,,,,,,,,,,,,,,,,,,,,,,,,,,,,,,,,,,,,,,2,2,,,,5
,Yolo County,CA,USA,,,,,,https://www.yolocounty.org/health-human-services/adults/communicable-disease-investigation-and-control/novel-coronavirus-2019,,,,,,,,,,,,,,,,,,,,,,,,,,,,,,,,,,,,,,,,,,,,,,,,,,,,2,2,,,,
,Sacramento County,CA,USA,38.377659,-121.444773,1540975,,,https://www.saccounty.net/COVID-19/Pages/default.aspx,,,,,,,,,,,,,,,,,,,,,,,,,,,,,,,,,,,,,,,,,,,,,,,,,,,,17,17,,,,40
,Fresno County,CA,USA,36.7464615,-119.6396585,994400,,,https://www.co.fresno.ca.us/departments/public-health/covid-19,,,,,,,,,,,,,,,,,,,,,,,,,,,,,,,,,,,,,,,,,,,,,,,,,,,,1,1,,,,2
,Madera County,CA,USA,37.273546499999995,-119.7828125,157672,,,https://www.maderacounty.com/government/public-health/health-updates/corona-virus,,,,,,,,,,,,,,,,,,,,,,,,,,,,,,,,,,,,,,,,,,,,,,,,,,,,1,1,,,,1
,Placer County,CA,USA,39.0142165,-120.7434505,393149,,,https://www.placer.ca.gov/6448/Cases-in-Placer,,,,,,,,,,,,,,,,,,,,,,,,,,,,,,,,,,,,,,,,,,,,,,,,,,,,7,7,,,,9
,Shasta County,CA,USA,40.7359105,-122.192699,180040,,,https://www.co.shasta.ca.us/index/hhsa/health-safety/current-heath-concerns/coronavirus,,,,,,,,,,,,,,,,,,,,,,,,,,,,,,,,,,,,,,,,,,,,,,,,,,,,1,1,,,,1
,Los Angeles County,CA,USA,33.8115605,-118.29563049999999,10105518,,,http://www.publichealth.lacounty.gov/media/Coronavirus/,,,,,,,,,,,,,,,,,,,,,,,,,,,,,,,,,,,,,,,,,,,,,,,,,,,,40,40,,,,144
,Orange County,CA,USA,33.66652,-117.76484500000001,3185968,,,http://www.ochealthinfo.com/phs/about/epidasmt/epi/dip/prevention/novel_coronavirus,,,,,,,,,,,,,,,,,,,,,,,,,,,,,,,,,,,,,,,,,,,,,,,,,,,,36,13,,,,29
,Riverside County,CA,USA,33.752829500000004,-116.05561750000001,2450758,,,https://www.rivcoph.org/coronavirus,,,,,,,,,,,,,,,,,,,,,,,,,,,,,,,,,,,,,,,,,,,,,,,,,,,,8,1,,,,1
,San Diego County,CA,USA,33.01959050000001,-116.83848499999999,3343364,,,https://www.sandiegocounty.gov/content/sdc/hhsa/programs/phs/community_epidemiology/dc/2019-nCoV/status.html,,,,,,,,,,,,,,,,,,,,,,,,,,,,,,,,,,,,,,,,,,,,,,,,,,,,11,11,,,,0
,Ventura County,CA,USA,34.058353,-119.1057185,850967,,,https://www.ventura.org/covid19/,,,,,,,,,,,,,,,,,,,,,,,,,,,,,,,,,,,,,,,,,,,,,,,,,,,,5,0,,,,0
,,AL,USA,,,,,,https://www.cdc.gov/coronavirus/2019-ncov/map-data-cases.csv,,,,,,,,,,,,,,,,,,,,,,,,,,,,,,,,,,,,,,,,,,,,,,,,,,,,,0,,,,39
,,AK,USA,,,,,,https://www.cdc.gov/coronavirus/2019-ncov/map-data-cases.csv,,,,,,,,,,,,,,,,,,,,,,,,,,,,,,,,,,,,,,,,,,,,,,,,,,,,,0,,,,15
,,AS,USA,,,,,,https://www.cdc.gov/coronavirus/2019-ncov/map-data-cases.csv,,,,,,,,,,,,,,,,,,,,,,,,,,,,,,,,,,,,,,,,,,,,,,,,,,,,,0,,,,0
,,AZ,USA,,,,,,https://www.cdc.gov/coronavirus/2019-ncov/map-data-cases.csv,,,,,,,,,,,,,,,,,,,,,,,,,,,,,,,,,,,,,,,,,,,,,,,,,,,,,9,,,,18
,,AR,USA,,,,,,https://www.cdc.gov/coronavirus/2019-ncov/map-data-cases.csv,,,,,,,,,,,,,,,,,,,,,,,,,,,,,,,,,,,,,,,,,,,,,,,,,,,,,6,,,,24
,,CA,USA,,,,,,https://www.cdc.gov/coronavirus/2019-ncov/map-data-cases.csv,,,,,,,,,,,,,,,,,,,,,,,,,,,,,,,,,,,,,,,,,,,,,,,,,,,,,224,,,,596
,,CO,USA,,,,,,https://www.cdc.gov/coronavirus/2019-ncov/map-data-cases.csv,,,,,,,,,,,,,,,,,,,,,,,,,,,,,,,,,,,,,,,,,,,,,,,,,,,,,49,,,,183
,,CT,USA,,,,,,https://www.cdc.gov/coronavirus/2019-ncov/map-data-cases.csv,,,,,,,,,,,,,,,,,,,,,,,,,,,,,,,,,,,,,,,,,,,,,,,,,,,,,7,,,,68
,,DE,USA,,,,,,https://www.cdc.gov/coronavirus/2019-ncov/map-data-cases.csv,,,,,,,,,,,,,,,,,,,,,,,,,,,,,,,,,,,,,,,,,,,,,,,,,,,,,15,,,,16
,,District of Columbia,USA,38.899451555326564,-77.0145477695639,705749,,,https://www.cdc.gov/coronavirus/2019-ncov/map-data-cases.csv,,,,,,,,,,,,,,,,,,,,,,,,,,,,,,,,,,,,,,,,,,,,,,,,,,,,,15,,,,31
,,FL,USA,,,,,,https://www.cdc.gov/coronavirus/2019-ncov/map-data-cases.csv,,,,,,,,,,,,,,,,,,,,,,,,,,,,,,,,,,,,,,,,,,,,,,,,,,,,,31,,,,195
,,GA,USA,,,,,,https://www.cdc.gov/coronavirus/2019-ncov/map-data-cases.csv,,,,,,,,,,,,,,,,,,,,,,,,,,,,,,,,,,,,,,,,,,,,,,,,,,,,,45,,,,178
,,GU,USA,,,,,,https://www.cdc.gov/coronavirus/2019-ncov/map-data-cases.csv,,,,,,,,,,,,,,,,,,,,,,,,,,,,,,,,,,,,,,,,,,,,,,,,,,,,,0,,,,15
,,HI,USA,,,,,,https://www.cdc.gov/coronavirus/2019-ncov/map-data-cases.csv,,,,,,,,,,,,,,,,,,,,,,,,,,,,,,,,,,,,,,,,,,,,,,,,,,,,,15,,,,13
,,ID,USA,,,,,,https://www.cdc.gov/coronavirus/2019-ncov/map-data-cases.csv,,,,,,,,,,,,,,,,,,,,,,,,,,,,,,,,,,,,,,,,,,,,,,,,,,,,,0,,,,15
,,IL,USA,,,,,,https://www.cdc.gov/coronavirus/2019-ncov/map-data-cases.csv,,,,,,,,,,,,,,,,,,,,,,,,,,,,,,,,,,,,,,,,,,,,,,,,,,,,,32,,,,160
,,IN,USA,,,,,,https://www.cdc.gov/coronavirus/2019-ncov/map-data-cases.csv,,,,,,,,,,,,,,,,,,,,,,,,,,,,,,,,,,,,,,,,,,,,,,,,,,,,,12,,,,30
,,IA,USA,,,,,,https://www.cdc.gov/coronavirus/2019-ncov/map-data-cases.csv,,,,,,,,,,,,,,,,,,,,,,,,,,,,,,,,,,,,,,,,,,,,,,,,,,,,,16,,,,29
,,KS,USA,,,,,,https://www.cdc.gov/coronavirus/2019-ncov/map-data-cases.csv,,,,,,,,,,,,,,,,,,,,,,,,,,,,,,,,,,,,,,,,,,,,,,,,,,,,,15,,,,16
,,KY,USA,,,,,,https://www.cdc.gov/coronavirus/2019-ncov/map-data-cases.csv,,,,,,,,,,,,,,,,,,,,,,,,,,,,,,,,,,,,,,,,,,,,,,,,,,,,,11,,,,26
,,LA,USA,,,,,,https://www.cdc.gov/coronavirus/2019-ncov/map-data-cases.csv,,,,,,,,,,,,,,,,,,,,,,,,,,,,,,,,,,,,,,,,,,,,,,,,,,,,,14,,,,190
,,ME,USA,,,,,,https://www.cdc.gov/coronavirus/2019-ncov/map-data-cases.csv,,,,,,,,,,,,,,,,,,,,,,,,,,,,,,,,,,,,,,,,,,,,,,,,,,,,,15,,,,32
,,MH,USA,,,,,,https://www.cdc.gov/coronavirus/2019-ncov/map-data-cases.csv,,,,,,,,,,,,,,,,,,,,,,,,,,,,,,,,,,,,,,,,,,,,,,,,,,,,,0,,,,0
,,MD,USA,,,,,,https://www.cdc.gov/coronavirus/2019-ncov/map-data-cases.csv,,,,,,,,,,,,,,,,,,,,,,,,,,,,,,,,,,,,,,,,,,,,,,,,,,,,,12,,,,85
,,MA,USA,,,,,,https://www.cdc.gov/coronavirus/2019-ncov/map-data-cases.csv,,,,,,,,,,,,,,,,,,,,,,,,,,,,,,,,,,,,,,,,,,,,,,,,,,,,,108,,,,218
,,MI,USA,,,,,,https://www.cdc.gov/coronavirus/2019-ncov/map-data-cases.csv,,,,,,,,,,,,,,,,,,,,,,,,,,,,,,,,,,,,,,,,,,,,,,,,,,,,,15,,,,65
,,Micronesia,USA,,,,,,https://www.cdc.gov/coronavirus/2019-ncov/map-data-cases.csv,,,,,,,,,,,,,,,,,,,,,,,,,,,,,,,,,,,,,,,,,,,,,,,,,,,,,0,,,,0
,,MN,USA,,,,,,https://www.cdc.gov/coronavirus/2019-ncov/map-data-cases.csv,,,,,,,,,,,,,,,,,,,,,,,,,,,,,,,,,,,,,,,,,,,,,,,,,,,,,10,,,,77
,,MS,USA,,,,,,https://www.cdc.gov/coronavirus/2019-ncov/map-data-cases.csv,,,,,,,,,,,,,,,,,,,,,,,,,,,,,,,,,,,,,,,,,,,,,,,,,,,,,15,,,,34
,,MO,USA,,,,,,https://www.cdc.gov/coronavirus/2019-ncov/map-data-cases.csv,,,,,,,,,,,,,,,,,,,,,,,,,,,,,,,,,,,,,,,,,,,,,,,,,,,,,15,,,,13
,,MT,USA,,,,,,https://www.cdc.gov/coronavirus/2019-ncov/map-data-cases.csv,,,,,,,,,,,,,,,,,,,,,,,,,,,,,,,,,,,,,,,,,,,,,,,,,,,,,15,,,,11
,,NE,USA,,,,,,https://www.cdc.gov/coronavirus/2019-ncov/map-data-cases.csv,,,,,,,,,,,,,,,,,,,,,,,,,,,,,,,,,,,,,,,,,,,,,,,,,,,,,10,,,,21
,,NV,USA,,,,,,https://www.cdc.gov/coronavirus/2019-ncov/map-data-cases.csv,,,,,,,,,,,,,,,,,,,,,,,,,,,,,,,,,,,,,,,,,,,,,,,,,,,,,11,,,,55
,,NH,USA,,,,,,https://www.cdc.gov/coronavirus/2019-ncov/map-data-cases.csv,,,,,,,,,,,,,,,,,,,,,,,,,,,,,,,,,,,,,,,,,,,,,,,,,,,,,6,,,,26
,,NJ,USA,,,,,,https://www.cdc.gov/coronavirus/2019-ncov/map-data-cases.csv,,,,,,,,,,,,,,,,,,,,,,,,,,,,,,,,,,,,,,,,,,,,,,,,,,,,,29,,,,267
,,NM,USA,,,,,,https://www.cdc.gov/coronavirus/2019-ncov/map-data-cases.csv,,,,,,,,,,,,,,,,,,,,,,,,,,,,,,,,,,,,,,,,,,,,,,,,,,,,,15,,,,23
,,NY,USA,,,,,,https://www.cdc.gov/coronavirus/2019-ncov/map-data-cases.csv,,,,,,,,,,,,,,,,,,,,,,,,,,,,,,,,,,,,,,,,,,,,,,,,,,,,,325,,,,2601
,,NC,USA,,,,,,https://www.cdc.gov/coronavirus/2019-ncov/map-data-cases.csv,,,,,,,,,,,,,,,,,,,,,,,,,,,,,,,,,,,,,,,,,,,,,,,,,,,,,15,,,,62
,,ND,USA,,,,,,https://www.cdc.gov/coronavirus/2019-ncov/map-data-cases.csv,,,,,,,,,,,,,,,,,,,,,,,,,,,,,,,,,,,,,,,,,,,,,,,,,,,,,15,,,,15
,,Northern Marianas,USA,,,,,,https://www.cdc.gov/coronavirus/2019-ncov/map-data-cases.csv,,,,,,,,,,,,,,,,,,,,,,,,,,,,,,,,,,,,,,,,,,,,,,,,,,,,,0,,,,0
,,OH,USA,,,,,,https://www.cdc.gov/coronavirus/2019-ncov/map-data-cases.csv,,,,,,,,,,,,,,,,,,,,,,,,,,,,,,,,,,,,,,,,,,,,,,,,,,,,,15,,,,67
,,OK,USA,,,,,,https://www.cdc.gov/coronavirus/2019-ncov/map-data-cases.csv,,,,,,,,,,,,,,,,,,,,,,,,,,,,,,,,,,,,,,,,,,,,,,,,,,,,,15,,,,19
,,OR,USA,,,,,,https://www.cdc.gov/coronavirus/2019-ncov/map-data-cases.csv,,,,,,,,,,,,,,,,,,,,,,,,,,,,,,,,,,,,,,,,,,,,,,,,,,,,,24,,,,65
,,PW,USA,,,,,,https://www.cdc.gov/coronavirus/2019-ncov/map-data-cases.csv,,,,,,,,,,,,,,,,,,,,,,,,,,,,,,,,,,,,,,,,,,,,,,,,,,,,,0,,,,0
,,PA,USA,,,,,,https://www.cdc.gov/coronavirus/2019-ncov/map-data-cases.csv,,,,,,,,,,,,,,,,,,,,,,,,,,,,,,,,,,,,,,,,,,,,,,,,,,,,,23,,,,96
,,PR,USA,,,,,,https://www.cdc.gov/coronavirus/2019-ncov/map-data-cases.csv,,,,,,,,,,,,,,,,,,,,,,,,,,,,,,,,,,,,,,,,,,,,,,,,,,,,,0,,,,15
,,RI,USA,,,,,,https://www.cdc.gov/coronavirus/2019-ncov/map-data-cases.csv,,,,,,,,,,,,,,,,,,,,,,,,,,,,,,,,,,,,,,,,,,,,,,,,,,,,,15,,,,23
,,SC,USA,,,,,,https://www.cdc.gov/coronavirus/2019-ncov/map-data-cases.csv,,,,,,,,,,,,,,,,,,,,,,,,,,,,,,,,,,,,,,,,,,,,,,,,,,,,,12,,,,47
,,SD,USA,,,,,,https://www.cdc.gov/coronavirus/2019-ncov/map-data-cases.csv,,,,,,,,,,,,,,,,,,,,,,,,,,,,,,,,,,,,,,,,,,,,,,,,,,,,,8,,,,11
,,TN,USA,,,,,,https://www.cdc.gov/coronavirus/2019-ncov/map-data-cases.csv,,,,,,,,,,,,,,,,,,,,,,,,,,,,,,,,,,,,,,,,,,,,,,,,,,,,,18,,,,73
,,TX,USA,,,,,,https://www.cdc.gov/coronavirus/2019-ncov/map-data-cases.csv,,,,,,,,,,,,,,,,,,,,,,,,,,,,,,,,,,,,,,,,,,,,,,,,,,,,,24,,,,64
,,UT,USA,,,,,,https://www.cdc.gov/coronavirus/2019-ncov/map-data-cases.csv,,,,,,,,,,,,,,,,,,,,,,,,,,,,,,,,,,,,,,,,,,,,,,,,,,,,,15,,,,41
,,VT,USA,,,,,,https://www.cdc.gov/coronavirus/2019-ncov/map-data-cases.csv,,,,,,,,,,,,,,,,,,,,,,,,,,,,,,,,,,,,,,,,,,,,,,,,,,,,,15,,,,10
,,VI,USA,,,,,,https://www.cdc.gov/coronavirus/2019-ncov/map-data-cases.csv,,,,,,,,,,,,,,,,,,,,,,,,,,,,,,,,,,,,,,,,,,,,,,,,,,,,,0,,,,15
,,VA,USA,,,,,,https://www.cdc.gov/coronavirus/2019-ncov/map-data-cases.csv,,,,,,,,,,,,,,,,,,,,,,,,,,,,,,,,,,,,,,,,,,,,,,,,,,,,,29,,,,68
,,WA,USA,,,,,,https://www.cdc.gov/coronavirus/2019-ncov/map-data-cases.csv,,,,,,,,,,,,,,,,,,,,,,,,,,,,,,,,,,,,,,,,,,,,,,,,,,,,,457,,,,930
,,WV,USA,,,,,,https://www.cdc.gov/coronavirus/2019-ncov/map-data-cases.csv,,,,,,,,,,,,,,,,,,,,,,,,,,,,,,,,,,,,,,,,,,,,,,,,,,,,,0,,,,15
,,WI,USA,,,,,,https://www.cdc.gov/coronavirus/2019-ncov/map-data-cases.csv,,,,,,,,,,,,,,,,,,,,,,,,,,,,,,,,,,,,,,,,,,,,,,,,,,,,,8,,,,88
,,WY,USA,,,,,,https://www.cdc.gov/coronavirus/2019-ncov/map-data-cases.csv,,,,,,,,,,,,,,,,,,,,,,,,,,,,,,,,,,,,,,,,,,,,,,,,,,,,,15,,,,11
,Bexar County,TX,USA,,,,,,https://www.dshs.state.tx.us/news/updates.shtm,,,,,,,,,,,,,,,,,,,,,,,,,,,,,,,,,,,,,,,,,,,,,,,,,,,,,1,,,,
,El Paso County,TX,USA,,,,,,https://www.dshs.state.tx.us/news/updates.shtm,,,,,,,,,,,,,,,,,,,,,,,,,,,,,,,,,,,,,,,,,,,,,,,,,,,,,1,,,,
,Galveston County,TX,USA,,,,,,https://www.dshs.state.tx.us/news/updates.shtm,,,,,,,,,,,,,,,,,,,,,,,,,,,,,,,,,,,,,,,,,,,,,,,,,,,,,1,,,,
,Lavaca County,TX,USA,,,,,,https://www.dshs.state.tx.us/news/updates.shtm,,,,,,,,,,,,,,,,,,,,,,,,,,,,,,,,,,,,,,,,,,,,,,,,,,,,,1,,,,
,Orange County,FL,USA,,,,,,http://www.floridahealth.gov/diseases-and-conditions/COVID-19/index.html,,,,,,,,,,,,,,,,,,,,,,,,,,,,,,,,,,,,,,,,,,,,,,,,,,,,,1,,,,
,Osceola County,FL,USA,,,,,,http://www.floridahealth.gov/diseases-and-conditions/COVID-19/index.html,,,,,,,,,,,,,,,,,,,,,,,,,,,,,,,,,,,,,,,,,,,,,,,,,,,,,1,,,,
,Saratoga,NY,USA,,,,,,https://www.health.ny.gov/diseases/communicable/coronavirus/,,,,,,,,,,,,,,,,,,,,,,,,,,,,,,,,,,,,,,,,,,,,,,,,,,,,,3,,,,
,Schenectady,NY,USA,,,,,,https://www.health.ny.gov/diseases/communicable/coronavirus/,,,,,,,,,,,,,,,,,,,,,,,,,,,,,,,,,,,,,,,,,,,,,,,,,,,,,1,,,,
,Tioga County,NY,USA,,,,,,https://www.health.ny.gov/diseases/communicable/coronavirus/,,,,,,,,,,,,,,,,,,,,,,,,,,,,,,,,,,,,,,,,,,,,,,,,,,,,,1,,,,
,Tompkins County,NY,USA,,,,,,https://www.health.ny.gov/diseases/communicable/coronavirus/,,,,,,,,,,,,,,,,,,,,,,,,,,,,,,,,,,,,,,,,,,,,,,,,,,,,,1,,,,
,Dane County,WI,USA,,,,,,https://www.dhs.wisconsin.gov/outbreaks/index.htm,,,,,,,,,,,,,,,,,,,,,,,,,,,,,,,,,,,,,,,,,,,,,,,,,,,,,5,,,,
,Fond du Lac County,WI,USA,,,,,,https://www.dhs.wisconsin.gov/outbreaks/index.htm,,,,,,,,,,,,,,,,,,,,,,,,,,,,,,,,,,,,,,,,,,,,,,,,,,,,,6,,,,
,Milwaukee County,WI,USA,,,,,,https://www.dhs.wisconsin.gov/outbreaks/index.htm,,,,,,,,,,,,,,,,,,,,,,,,,,,,,,,,,,,,,,,,,,,,,,,,,,,,,2,,,,
,Pierce County,WI,USA,,,,,,https://www.dhs.wisconsin.gov/outbreaks/index.htm,,,,,,,,,,,,,,,,,,,,,,,,,,,,,,,,,,,,,,,,,,,,,,,,,,,,,1,,,,
,Racine County,WI,USA,,,,,,https://www.dhs.wisconsin.gov/outbreaks/index.htm,,,,,,,,,,,,,,,,,,,,,,,,,,,,,,,,,,,,,,,,,,,,,,,,,,,,,1,,,,
,Sheboygan County,WI,USA,,,,,,https://www.dhs.wisconsin.gov/outbreaks/index.htm,,,,,,,,,,,,,,,,,,,,,,,,,,,,,,,,,,,,,,,,,,,,,,,,,,,,,3,,,,
,Waukesha County,WI,USA,,,,,,https://www.dhs.wisconsin.gov/outbreaks/index.htm,,,,,,,,,,,,,,,,,,,,,,,,,,,,,,,,,,,,,,,,,,,,,,,,,,,,,1,,,,
,Beadle County,SD,USA,44.414696,-98.279395,18883,,,https://doh.sd.gov/news/Coronavirus.aspx#SD,,,,,,,,,,,,,,,,,,,,,,,,,,,,,,,,,,,,,,,,,,,,,,,,,,,,,1,,,,1
,Bon Homme County,SD,USA,42.965534500000004,-97.899183,6980,,,https://doh.sd.gov/news/Coronavirus.aspx#SD,,,,,,,,,,,,,,,,,,,,,,,,,,,,,,,,,,,,,,,,,,,,,,,,,,,,,1,,,,1
,Charles Mix County,SD,USA,43.1683905,-98.6895585,9338,,,https://doh.sd.gov/news/Coronavirus.aspx#SD,,,,,,,,,,,,,,,,,,,,,,,,,,,,,,,,,,,,,,,,,,,,,,,,,,,,,1,,,,1
,Davison County,SD,USA,43.6746775,-98.145127,19790,,,https://doh.sd.gov/news/Coronavirus.aspx#SD,,,,,,,,,,,,,,,,,,,,,,,,,,,,,,,,,,,,,,,,,,,,,,,,,,,,,1,,,,1
,McCook County,SD,USA,43.674370999999994,-97.368803,5546,,,https://doh.sd.gov/news/Coronavirus.aspx#SD,,,,,,,,,,,,,,,,,,,,,,,,,,,,,,,,,,,,,,,,,,,,,,,,,,,,,1,,,,1
,Minnehaha County,SD,USA,43.674592,-96.7912635,192876,,,https://doh.sd.gov/news/Coronavirus.aspx#SD,,,,,,,,,,,,,,,,,,,,,,,,,,,,,,,,,,,,,,,,,,,,,,,,,,,,,3,,,,5
,Pennington County,SD,USA,44.098381,-103.02822599999999,111729,,,https://doh.sd.gov/news/Coronavirus.aspx#SD,,,,,,,,,,,,,,,,,,,,,,,,,,,,,,,,,,,,,,,,,,,,,,,,,,,,,1,,,,1
,Bear River County,UT,USA,,,,,,https://coronavirus.utah.gov/latest/,,,,,,,,,,,,,,,,,,,,,,,,,,,,,,,,,,,,,,,,,,,,,,,,,,,,,0,,,,0
,Central Utah County,UT,USA,,,,,,https://coronavirus.utah.gov/latest/,,,,,,,,,,,,,,,,,,,,,,,,,,,,,,,,,,,,,,,,,,,,,,,,,,,,,0,,,,0
,Davis County,UT,USA,40.963095499999994,-112.115984,351713,,,https://coronavirus.utah.gov/latest/,,,,,,,,,,,,,,,,,,,,,,,,,,,,,,,,,,,,,,,,,,,,,,,,,,,,,1,,,,0
,Salt Lake County,UT,USA,40.66808399999999,-111.9083075,1152633,,,https://coronavirus.utah.gov/latest/,,,,,,,,,,,,,,,,,,,,,,,,,,,,,,,,,,,,,,,,,,,,,,,,,,,,,5,,,,2
,San Juan County,UT,USA,37.748977499999995,-110.226921,15449,,,https://coronavirus.utah.gov/latest/,,,,,,,,,,,,,,,,,,,,,,,,,,,,,,,,,,,,,,,,,,,,,,,,,,,,,0,,,,0
,Southeast Utah County,UT,USA,,,,,,https://coronavirus.utah.gov/latest/,,,,,,,,,,,,,,,,,,,,,,,,,,,,,,,,,,,,,,,,,,,,,,,,,,,,,0,,,,0
,Southwest Utah County,UT,USA,,,,,,https://coronavirus.utah.gov/latest/,,,,,,,,,,,,,,,,,,,,,,,,,,,,,,,,,,,,,,,,,,,,,,,,,,,,,0,,,,0
,Summit County,UT,USA,40.9000835,-110.82489050000001,41933,,,https://coronavirus.utah.gov/latest/,,,,,,,,,,,,,,,,,,,,,,,,,,,,,,,,,,,,,,,,,,,,,,,,,,,,,2,,,,7
,Tooele County,UT,USA,40.490421,-113.09571600000001,69907,,,https://coronavirus.utah.gov/latest/,,,,,,,,,,,,,,,,,,,,,,,,,,,,,,,,,,,,,,,,,,,,,,,,,,,,,0,,,,0
,Tri County,UT,USA,,,,,,https://coronavirus.utah.gov/latest/,,,,,,,,,,,,,,,,,,,,,,,,,,,,,,,,,,,,,,,,,,,,,,,,,,,,,0,,,,0
,Utah County,UT,USA,40.176925999999995,-111.5347685,622213,,,https://coronavirus.utah.gov/latest/,,,,,,,,,,,,,,,,,,,,,,,,,,,,,,,,,,,,,,,,,,,,,,,,,,,,,0,,,,1
,Wasatch County,UT,USA,40.294765,-111.25642,33240,,,https://coronavirus.utah.gov/latest/,,,,,,,,,,,,,,,,,,,,,,,,,,,,,,,,,,,,,,,,,,,,,,,,,,,,,0,,,,0
,Weber-Morgan County,UT,USA,,,,,,https://coronavirus.utah.gov/latest/,,,,,,,,,,,,,,,,,,,,,,,,,,,,,,,,,,,,,,,,,,,,,,,,,,,,,1,,,,0
,Allegheny County,PA,USA,,,,,,https://www.health.pa.gov/topics/disease/Pages/Coronavirus.aspx,,,,,,,,,,,,,,,,,,,,,,,,,,,,,,,,,,,,,,,,,,,,,,,,,,,,,2,,,,
,Bucks County,PA,USA,,,,,,https://www.health.pa.gov/topics/disease/Pages/Coronavirus.aspx,,,,,,,,,,,,,,,,,,,,,,,,,,,,,,,,,,,,,,,,,,,,,,,,,,,,,3,,,,
,Chester County,PA,USA,,,,,,https://www.health.pa.gov/topics/disease/Pages/Coronavirus.aspx,,,,,,,,,,,,,,,,,,,,,,,,,,,,,,,,,,,,,,,,,,,,,,,,,,,,,2,,,,
,Cumberland County,PA,USA,,,,,,https://www.health.pa.gov/topics/disease/Pages/Coronavirus.aspx,,,,,,,,,,,,,,,,,,,,,,,,,,,,,,,,,,,,,,,,,,,,,,,,,,,,,3,,,,
,Delaware County,PA,USA,,,,,,https://www.health.pa.gov/topics/disease/Pages/Coronavirus.aspx,,,,,,,,,,,,,,,,,,,,,,,,,,,,,,,,,,,,,,,,,,,,,,,,,,,,,6,,,,
,Monroe County,PA,USA,,,,,,https://www.health.pa.gov/topics/disease/Pages/Coronavirus.aspx,,,,,,,,,,,,,,,,,,,,,,,,,,,,,,,,,,,,,,,,,,,,,,,,,,,,,3,,,,
,Montgomery County,PA,USA,,,,,,https://www.health.pa.gov/topics/disease/Pages/Coronavirus.aspx,,,,,,,,,,,,,,,,,,,,,,,,,,,,,,,,,,,,,,,,,,,,,,,,,,,,,20,,,,
,Northampton County,PA,USA,,,,,,https://www.health.pa.gov/topics/disease/Pages/Coronavirus.aspx,,,,,,,,,,,,,,,,,,,,,,,,,,,,,,,,,,,,,,,,,,,,,,,,,,,,,1,,,,
,Philadelphia County,PA,USA,,,,,,https://www.health.pa.gov/topics/disease/Pages/Coronavirus.aspx,,,,,,,,,,,,,,,,,,,,,,,,,,,,,,,,,,,,,,,,,,,,,,,,,,,,,4,,,,
,Pike County,PA,USA,,,,,,https://www.health.pa.gov/topics/disease/Pages/Coronavirus.aspx,,,,,,,,,,,,,,,,,,,,,,,,,,,,,,,,,,,,,,,,,,,,,,,,,,,,,1,,,,
,Washington County,PA,USA,,,,,,https://www.health.pa.gov/topics/disease/Pages/Coronavirus.aspx,,,,,,,,,,,,,,,,,,,,,,,,,,,,,,,,,,,,,,,,,,,,,,,,,,,,,1,,,,
,Wayne County,PA,USA,,,,,,https://www.health.pa.gov/topics/disease/Pages/Coronavirus.aspx,,,,,,,,,,,,,,,,,,,,,,,,,,,,,,,,,,,,,,,,,,,,,,,,,,,,,1,,,,
,,Newfoundland and Labrador,Canada,53.46112743006114,-60.21844100481229,519716,,,https://www.canada.ca/en/public-health/services/diseases/2019-novel-coronavirus-infection.html,,,,,,,,,,,,,,,,,,,,,,,,,,,,,,,,,,,,,,,,,,,,,,,,,,,,,,,,,0
,,Nova Scotia,Canada,45.266872463000055,-63.021209276499945,923598,,,https://www.canada.ca/en/public-health/services/diseases/2019-novel-coronavirus-infection.html,,,,,,,,,,,,,,,,,,,,,,,,,,,,,,,,,,,,,,,,,,,,,,,,,,,,,,,,,1
,,Prince Edward Island,Canada,46.49290599200006,-63.21041826049995,142907,,,https://www.canada.ca/en/public-health/services/diseases/2019-novel-coronavirus-infection.html,,,,,,,,,,,,,,,,,,,,,,,,,,,,,,,,,,,,,,,,,,,,,,,,,,,,,,,,,1
,Baldwin County,AL,USA,30.765086,-87.69793150000001,218022,,,http://www.alabamapublichealth.gov/infectiousdiseases/2019-coronavirus.html,,,,,,,,,,,,,,,,,,,,,,,,,,,,,,,,,,,,,,,,,,,,,,,,,,,,,,,,,1
,Calhoun County,AL,USA,33.7622675,-85.837497,114277,,,http://www.alabamapublichealth.gov/infectiousdiseases/2019-coronavirus.html,,,,,,,,,,,,,,,,,,,,,,,,,,,,,,,,,,,,,,,,,,,,,,,,,,,,,,,,,1
,Lee County,AL,USA,32.578877500000004,-85.348772,163941,,,http://www.alabamapublichealth.gov/infectiousdiseases/2019-coronavirus.html,,,,,,,,,,,,,,,,,,,,,,,,,,,,,,,,,,,,,,,,,,,,,,,,,,,,,,,,,7
,Madison County,AL,USA,34.7338515,-86.52351200000001,366519,,,http://www.alabamapublichealth.gov/infectiousdiseases/2019-coronavirus.html,,,,,,,,,,,,,,,,,,,,,,,,,,,,,,,,,,,,,,,,,,,,,,,,,,,,,,,,,1
,Shelby County,AL,USA,33.2828065,-86.6839795,215707,,,http://www.alabamapublichealth.gov/infectiousdiseases/2019-coronavirus.html,,,,,,,,,,,,,,,,,,,,,,,,,,,,,,,,,,,,,,,,,,,,,,,,,,,,,,,,,4
,St. Clair County,AL,USA,33.690028999999996,-86.310896,88690,,,http://www.alabamapublichealth.gov/infectiousdiseases/2019-coronavirus.html,,,,,,,,,,,,,,,,,,,,,,,,,,,,,,,,,,,,,,,,,,,,,,,,,,,,,,,,,1
,Benton County,OR,USA,44.498886,-123.44528700000001,92101,,,https://www.oregon.gov/oha/PH/DISEASESCONDITIONS/DISEASESAZ/Pages/emerging-respiratory-infections.aspx,,,,,,,,,,,,,,,,,,,,,,,,,,,,,,,,,,,,,,,,,,,,,,,,,,,,,,,,,3
,Lane County,OR,USA,43.863845,-122.963617,379611,,,https://www.oregon.gov/oha/PH/DISEASESCONDITIONS/DISEASESAZ/Pages/emerging-respiratory-infections.aspx,,,,,,,,,,,,,,,,,,,,,,,,,,,,,,,,,,,,,,,,,,,,,,,,,,,,,,,,,2
,Yamhill County,OR,USA,45.254474,-123.31725850000001,107002,,,https://www.oregon.gov/oha/PH/DISEASESCONDITIONS/DISEASESAZ/Pages/emerging-respiratory-infections.aspx,,,,,,,,,,,,,,,,,,,,,,,,,,,,,,,,,,,,,,,,,,,,,,,,,,,,,,,,,2
,Campbell County,TN,USA,36.3848795,-84.138375,39583,,,https://www.tn.gov/health/cedep/ncov.html,,,,,,,,,,,,,,,,,,,,,,,,,,,,,,,,,,,,,,,,,,,,,,,,,,,,,,,,,1
,Davidson County,TN,USA,36.186859999999996,-86.7851325,692587,,,https://www.tn.gov/health/cedep/ncov.html,,,,,,,,,,,,,,,,,,,,,,,,,,,,,,,,,,,,,,,,,,,,,,,,,,,,,,,,,42
,Hamilton County,TN,USA,35.2208105,-85.20821749999999,364286,,,https://www.tn.gov/health/cedep/ncov.html,,,,,,,,,,,,,,,,,,,,,,,,,,,,,,,,,,,,,,,,,,,,,,,,,,,,,,,,,1
,Jefferson County,TN,USA,36.039116,-83.47225449999999,54012,,,https://www.tn.gov/health/cedep/ncov.html,,,,,,,,,,,,,,,,,,,,,,,,,,,,,,,,,,,,,,,,,,,,,,,,,,,,,,,,,1
,Knox County,TN,USA,35.9910705,-83.96127200000001,465289,,,https://www.tn.gov/health/cedep/ncov.html,,,,,,,,,,,,,,,,,,,,,,,,,,,,,,,,,,,,,,,,,,,,,,,,,,,,,,,,,2
,Rutherford County,TN,USA,35.8595905,-86.4205235,324890,,,https://www.tn.gov/health/cedep/ncov.html,,,,,,,,,,,,,,,,,,,,,,,,,,,,,,,,,,,,,,,,,,,,,,,,,,,,,,,,,1
,Sevier County,TN,USA,35.8029015,-83.5242525,97892,,,https://www.tn.gov/health/cedep/ncov.html,,,,,,,,,,,,,,,,,,,,,,,,,,,,,,,,,,,,,,,,,,,,,,,,,,,,,,,,,1
,Shelby County,TN,USA,35.2013885,-89.97153700000001,935764,,,https://www.tn.gov/health/cedep/ncov.html,,,,,,,,,,,,,,,,,,,,,,,,,,,,,,,,,,,,,,,,,,,,,,,,,,,,,,,,,2
,Sullivan County,TN,USA,36.5043,-82.2645105,157668,,,https://www.tn.gov/health/cedep/ncov.html,,,,,,,,,,,,,,,,,,,,,,,,,,,,,,,,,,,,,,,,,,,,,,,,,,,,,,,,,1
,Williamson County,TN,USA,35.875785500000006,-86.90776349999999,231729,,,https://www.tn.gov/health/cedep/ncov.html,,,,,,,,,,,,,,,,,,,,,,,,,,,,,,,,,,,,,,,,,,,,,,,,,,,,,,,,,21
,Fairfield County:48,CT,USA,,,,,,https://portal.ct.gov/Coronavirus,,,,,,,,,,,,,,,,,,,,,,,,,,,,,,,,,,,,,,,,,,,,,,,,,,,,,,,,,0
,Hartford County:7,CT,USA,,,,,,https://portal.ct.gov/Coronavirus,,,,,,,,,,,,,,,,,,,,,,,,,,,,,,,,,,,,,,,,,,,,,,,,,,,,,,,,,0
,Litchfield County:5,CT,USA,,,,,,https://portal.ct.gov/Coronavirus,,,,,,,,,,,,,,,,,,,,,,,,,,,,,,,,,,,,,,,,,,,,,,,,,,,,,,,,,0
,New Haven County,CT,USA,41.4056375,-72.93228500000001,857620,,,https://portal.ct.gov/Coronavirus,,,,,,,,,,,,,,,,,,,,,,,,,,,,,,,,,,,,,,,,,,,,,,,,,,,,,,,,,8
